date,Suspended Matter,Dissolved Organic Matter,Chlorophyll,Turbidity,Salinity,Dissolved Oxygen,pH,Temperature
02 January 2018,0.423853799,0.520072019,,,,,,
03 January 2018,0.472504872,0.425592746,,,,,,
06 January 2018,0.550981546,0.479395316,,,,,,
07 January 2018,0.444331415,0.418288863,,,,,,
10 January 2018,0.442787662,0.384030788,,,,,,
11 January 2018,0.403954889,0.389369497,,,,,,
14 January 2018,0.423952799,0.368758965,,,,,,
15 January 2018,0.473838893,0.430493985,,,,,,
18 January 2018,0.432090715,0.367185823,,,,,,
19 January 2018,0.44954976,0.434181326,,,,,,
22 January 2018,0.451090739,0.384163907,,,,,,
23 January 2018,0.466272984,0.433983928,,,,,,
25 January 2018,0.50964318,0.40752554,,,,,,
26 January 2018,0.431470321,0.415598501,,,,,,
29 January 2018,0.39508918,0.365422422,,,,,,
30 January 2018,0.440926281,0.42882514,,,,,,
02 February 2018,0.413103226,0.374718546,,,,,,
03 February 2018,0.430858938,0.433013293,,,,,,
06 February 2018,0.475694242,0.419426131,,,,,,
07 February 2018,0.570348377,0.530175163,,,,,,
10 February 2018,0.630757614,0.583363901,,,,,,
11 February 2018,0.462737994,0.436746874,,,,,,
14 February 2018,0.481999639,0.402365826,,,,,,
15 February 2018,0.480482187,0.434405257,,,,,,
18 February 2018,0.439820703,0.369987847,,,,,,
19 February 2018,0.502548825,0.468398174,,,,,,
21 February 2018,0.52480874,0.448759964,,,,,,
22 February 2018,0.439165437,0.441027877,,,,,,
25 February 2018,0.431170673,0.40955152,,,,,,
26 February 2018,0.505122925,0.445071883,,,,,,
01 March 2018,0.433278398,0.402600458,,,,,,16.16921803
02 March 2018,0.474087877,0.460035441,,,,,,
05 March 2018,0.500515679,0.442542048,,,,,,
06 March 2018,0.52544579,0.478993317,,,,,,
09 March 2018,0.476236053,0.427998471,,,,,,
10 March 2018,0.508060258,0.455605306,,,,,,
13 March 2018,0.515289775,0.438290323,,,,,,
14 March 2018,0.542414885,0.51137741,,,,,,
17 March 2018,0.548177352,0.451521005,,,,,,27.96890745
18 March 2018,0.53074368,0.505327504,,,,,,
20 March 2018,0.632321566,0.597464241,,,,,,
23 March 2018,0.496247357,0.472088183,,,,,,
25 March 2018,0.538861193,0.457163534,,,,,,
29 March 2018,0.5077216,0.500783873,,,,,,
01 April 2018,0.542759624,,,,,,,
02 April 2018,0.54360571,,,,,,,34.73668851
03 April 2018,0.543682539,0.497531317,,,,,,
05 April 2018,0.568612989,0.561633419,,,,,,
06 April 2018,0.59340821,0.532841758,,,,,,
10 April 2018,0.607258883,0.533856977,,,,,,
13 April 2018,0.589479495,0.571724383,,,,,,
14 April 2018,0.593269,0.51617784,,,,,,
16 April 2018,0.650246117,0.683193285,,,,,,
17 April 2018,0.556516075,0.540350929,,,,,,
21 April 2018,0.564762325,0.550586297,,,,,,
24 April 2018,0.534614778,0.533378332,,,,,,
25 April 2018,0.54318745,0.526418722,,,,,,
28 April 2018,0.57547302,0.569947597,,,,,,
29 April 2018,0.581015566,0.545766823,,,,,,
02 May 2018,0.581803541,0.577969112,,,,,,
03 May 2018,0.574129254,0.526549093,,,,,,
06 May 2018,0.635270968,0.639140186,,,,,,
07 May 2018,0.58600913,0.529569489,,,,,,
11 May 2018,0.607700103,0.547560596,,,,,,
14 May 2018,0.577466185,0.562305118,,,,,,
16 May 2018,0.607603221,0.602738854,,,,,,
17 May 2018,0.62968311,,,,,,,
18 May 2018,0.581894342,0.548753453,,,,,,
20 May 2018,0.614449154,0.605354181,,,,,,38.55343466
22 May 2018,0.586188283,0.54918915,,,,,,
25 May 2018,0.585136562,0.551229726,,,,,,
26 May 2018,0.576532773,0.522519994,,,,,,
29 May 2018,0.600522627,0.547172735,,,,,,
30 May 2018,0.620772456,0.572527545,,,,,,
02 June 2018,0.595256613,0.532499471,,,,,,
03 June 2018,0.630104276,0.581993421,,,,,,
06 June 2018,0.620379138,0.564858919,,,,,,
07 June 2018,0.625906501,0.562699683,,,,,,
09 June 2018,0.617309523,0.561785964,,,,,,
11 June 2018,0.626087066,,,,,,,
13 June 2018,0.606797856,0.594154636,,,,,,
14 June 2018,0.62507675,0.603207836,,,,,,
17 June 2018,0.574549324,0.578058289,,,,,,
18 June 2018,0.588774946,,,,,,,
21 June 2018,0.602176092,0.582808888,,,,,,39.61416884
22 June 2018,0.584478438,0.525012827,,,,,,
25 June 2018,0.594952388,0.537234667,,,,,,
26 June 2018,0.638227835,0.600686461,,,,,,
29 June 2018,0.63656708,0.61348619,,,,,,
01 July 2018,0.611400639,,,,,,,
03 July 2018,0.589017518,0.499875256,,,,,,
04 July 2018,0.631045177,0.59036152,,,,,,
06 July 2018,0.557476551,0.526350482,,,,,,
07 July 2018,0.564276014,0.493034166,,,,,,41.02684403
10 July 2018,0.589838358,0.545141075,,,,,,
11 July 2018,0.594984046,0.56612527,,,,,,
14 July 2018,0.588880902,0.614195482,,,,,,
15 July 2018,0.632526315,0.553216127,,,,,,
18 July 2018,0.587418069,0.622548429,,,,,,
19 July 2018,0.626129859,0.589107213,,,,,,
22 July 2018,0.62936085,0.588656018,,,,,,
23 July 2018,0.629822468,0.589502085,,,,,,
26 July 2018,0.627788676,0.591257769,,,,,,
27 July 2018,0.578490686,0.587673528,,,,,,
30 July 2018,0.612007896,0.584613862,,,,,,
31 July 2018,0.564335959,0.561249484,,,,,,
02 August 2018,0.576055519,0.564263795,,,,,,
03 August 2018,0.574754399,0.582043064,,,,,,
06 August 2018,0.596784054,0.531165635,,,,,,
07 August 2018,0.629370569,0.595401038,,,,,,
10 August 2018,0.620604978,0.583387492,,,,,,
11 August 2018,0.622635223,0.611094204,,,,,,
14 August 2018,0.586664139,0.606571,,,,,,
15 August 2018,0.606041099,0.606603907,,,,,,
18 August 2018,0.623801025,0.62318488,,,,,,
19 August 2018,0.628675927,0.584588818,,,,,,
23 August 2018,0.518050095,0.578411283,,,,,,
26 August 2018,0.625772323,0.596041628,,,,,,
27 August 2018,0.615440387,0.562666401,,,,,,
29 August 2018,0.621424001,0.587128645,,,,,,
30 August 2018,0.627763723,0.593661457,,,,,,
02 September 2018,0.627104064,0.588190782,,,,,,
03 September 2018,0.626411387,0.59154311,,,,,,
06 September 2018,0.573560634,,,,,,,
07 September 2018,0.630207775,0.476485356,,,,,,
10 September 2018,0.629205817,0.583658054,,,,,,
10 September 2018,0.629205817,0.584011346,,,,,,
11 September 2018,0.621044681,0.59394892,,,,,,
14 September 2018,0.535332182,0.483520502,,,,,,
15 September 2018,0.479429215,0.410929292,,,,,,
18 September 2018,0.459848941,0.401349065,,,,,,
19 September 2018,0.417644314,0.422938689,,,,,,
22 September 2018,0.444128067,0.391739851,,,,,,
23 September 2018,0.627383338,0.602974904,,,,,,
25 September 2018,0.555463226,0.462597486,,,,,,18.04670565
26 September 2018,0.457367505,0.4328213,,,,,,
29 September 2018,0.424649526,0.423952087,,,,,,
30 September 2018,0.366796017,0.42068535,,,,,,
03 October 2018,0.432119307,0.440205329,,,,,,
04 October 2018,0.384530102,0.44239608,,,,,,
07 October 2018,0.492091907,0.450714042,,,,,,
08 October 2018,0.409828452,0.457666966,,,,,,
11 October 2018,0.487889013,0.431352879,,,,,,29.03345356
12 October 2018,0.439099445,0.437316138,,,,,,
15 October 2018,0.454547536,0.392903886,,,,,,
16 October 2018,0.449452205,0.40607753,,,,,,
19 October 2018,0.463329522,0.415716424,,,,,,
20 October 2018,0.423657755,0.401545668,,,,,,
22 October 2018,0.494046746,0.406789167,,,,,,
23 October 2018,0.465188243,0.443339865,,,,,,
26 October 2018,0.448553601,0.461084447,,,,,,
27 October 2018,0.498673245,0.414286835,,,,,,34.78221191
30 October 2018,0.433185424,0.38131676,,,,,,
31 October 2018,0.424241054,0.392242388,,,,,,
02 November 2018,0.455416986,0.37053874,,,,,,
03 November 2018,0.445081149,0.370815257,,,,,,
04 November 2018,0.440495743,0.41358324,,,,,,
06 November 2018,0.525113384,0.471877899,,,,,,
07 November 2018,0.454088814,0.394835686,,,,,,
08 November 2018,0.479708401,0.418330414,,,,,,
10 November 2018,0.487708952,0.403633545,,,,,,
11 November 2018,0.412753724,0.395569105,,,,,,
12 November 2018,0.463796399,0.417727771,,,,,,29.76400977
14 November 2018,0.480465602,0.391586618,,,,,,
15 November 2018,0.477648365,0.398256185,,,,,,
16 November 2018,0.445229609,0.414081867,,,,,,
17 November 2018,0.526777043,0.472986374,,,,,,
18 November 2018,0.513591175,0.4113195,,,,,,
19 November 2018,0.42599497,0.430175961,,,,,,
21 November 2018,0.43228765,0.38381213,,,,,,
22 November 2018,0.438039042,0.39264143,,,,,,
23 November 2018,0.449706959,0.42334608,,,,,,
25 November 2018,0.489147302,0.400701261,,,,,,
26 November 2018,0.443781088,0.391602549,,,,,,
27 November 2018,0.409661914,0.405839452,,,,,,
29 November 2018,0.483418884,0.400509337,,,,,,
30 November 2018,0.455670517,0.396763217,,,,,,
01 December 2018,0.440117599,0.403345871,,,,,,
02 December 2018,,,,,,,,
03 December 2018,0.460241419,0.433427098,,,,,,
04 December 2018,0.455636731,0.374428975,,,,,,
05 December 2018,0.584306292,0.524791536,,,,,,
06 December 2018,0.568901622,0.499835815,,,,,,
07 December 2018,0.476501359,0.447226613,,,,,,
08 December 2018,0.494862823,0.40533174,,,,,,
09 December 2018,0.488472404,0.431206657,,,,,,
10 December 2018,0.537964138,0.455891538,,,,,,
11 December 2018,0.516625701,0.467431526,,,,,,
12 December 2018,0.520797635,0.420921105,,,,,,
13 December 2018,0.441165354,0.399901638,,,,,,
14 December 2018,0.452218477,0.382284341,,,,,,23.62781757
15 December 2018,0.508624398,0.40362345,,,,,,
16 December 2018,0.467469919,0.435439506,,,,,,
18 December 2018,0.470936159,0.382451031,0.151908324,-0.089091574,0.101079036,3.494842557,7.838490439,
19 December 2018,0.39378464,0.344831809,,,,,,
20 December 2018,0.390981057,0.392375445,,,,,,
22 December 2018,0.458577208,0.377463287,,,,,,
23 December 2018,0.374699129,0.353101946,0.352455077,-0.270541087,0.203122505,0.072627416,8.051000638,
24 December 2018,0.376622638,0.384823627,,,,,,
26 December 2018,0.451521601,0.370141026,,,,,,
27 December 2018,0.449358899,0.380887307,,,,,,
28 December 2018,0.416848254,0.40380392,0.456575936,-0.358706726,0.155669094,-0.020792443,8.144490208,
30 December 2018,0.42198905,0.428619814,,,,,,19.97764942
02 January 2019,0.532591939,0.477877823,0.379851665,-0.317333835,0.170394839,0.830051677,8.145824685,
03 January 2019,0.387728216,0.411060875,,,,,,
04 January 2019,0.456079216,0.402019056,,,,,,
05 January 2019,0.514775425,0.487696859,,,,,,
06 January 2019,0.542389932,0.479368955,,,,,,
07 January 2019,0.517988153,0.485647589,0.479075053,-0.342377024,0.15773341,0.757070292,8.117732765,
08 January 2019,0.512964423,0.439030727,,,,,,
09 January 2019,0.449272457,0.40106939,,,,,,
10 January 2019,0.509308749,0.423983207,,,,,,
11 January 2019,0.49166239,0.395586261,,,,,,
12 January 2019,0.448825019,0.436758397,0.124992734,-0.129954156,0.224500557,0.464162451,7.773572212,
14 January 2019,0.463979604,0.388287586,,,,,,
15 January 2019,0.451822631,0.425513123,,,,,,18.48138878
16 January 2019,0.408167312,0.413527589,,,,,,
18 January 2019,0.451974184,0.37877885,,,,,,
19 January 2019,0.380231132,0.346133708,,,,,,
20 January 2019,0.383215013,0.404303121,,,,,,
22 January 2019,0.452222198,0.375042079,0.491893168,-0.34330779,0.180763152,2.952280529,8.052627461,
23 January 2019,0.421261742,0.391426311,,,,,,
24 January 2019,0.417833418,0.410263346,,,,,,
26 January 2019,0.649302828,0.630545885,,,,,,
27 January 2019,0.504634956,0.422706812,0.389446312,-0.240975556,0.155361563,5.073421526,8.074821128,
28 January 2019,0.453396182,0.412821843,,,,,,
29 January 2019,0.526101898,0.446144497,,,,,,
30 January 2019,0.40083961,0.394626652,,,,,,
31 January 2019,0.457995072,0.384588575,,,,,,18.81852054
01 February 2019,0.531083538,0.496768349,0.34619561,-0.266412387,0.164198172,9.405379111,7.923734707,
02 February 2019,0.5419965,0.497832623,,,,,,
03 February 2019,0.525448311,0.478737697,,,,,,
04 February 2019,0.488032926,0.402398784,,,,,,
05 February 2019,0.493385936,0.434575892,,,,,,
06 February 2019,0.500453174,0.413590693,0.359839714,-0.245128913,0.121627497,8.638259554,7.951549319,
07 February 2019,0.528063057,0.471355271,,,,,,
08 February 2019,0.451735692,0.435902354,,,,,,
10 February 2019,0.468472959,0.394213389,,,,,,
11 February 2019,0.392431876,0.379328772,0.182202567,-0.114950831,0.204993305,4.401338794,7.650445333,
12 February 2019,0.42575793,0.427534572,,,,,,
14 February 2019,0.459381995,0.395644079,,,,,,
15 February 2019,0.418099433,0.383146758,,,,,,
16 February 2019,0.425571756,0.428671642,0.410102903,-0.292683885,0.144514423,6.878333374,7.977333852,-25.48455846
18 February 2019,0.47086435,0.387330183,,,,,,
19 February 2019,0.470210493,0.398324251,,,,,,
20 February 2019,0.366431651,0.396822221,,,,,,
22 February 2019,0.459153996,0.45062348,,,,,,
23 February 2019,0.409327415,0.391356603,,,,,,
24 February 2019,0.438335475,0.426129443,,,,,,
25 February 2019,0.520607328,0.484425832,,,,,,
26 February 2019,0.399648232,0.415925583,0.357333496,-0.289808529,0.129285219,7.336201422,8.185331169,
27 February 2019,0.606331074,0.548536617,,,,,,
28 February 2019,0.537075018,0.510169212,,,,,,
01 March 2019,0.547826654,0.513141027,,,,,,
02 March 2019,0.526978947,0.514260758,,,,,,
03 March 2019,0.482561295,0.41757516,,,,,,
04 March 2019,0.627839688,0.59008159,,,,,,20.868994
05 March 2019,0.483114907,0.432560556,,,,,,
06 March 2019,0.525571056,0.48721216,,,,,,
07 March 2019,0.439904697,0.435100611,,,,,,
09 March 2019,0.48949976,0.437161007,,,,,,
10 March 2019,0.43267885,0.401641808,,,,,,
11 March 2019,0.461611619,0.472410602,,,,,,
13 March 2019,0.505787901,0.452172774,0.392303172,-0.274240287,0.178426787,3.129391199,8.15297202,
14 March 2019,0.445835823,0.438735178,,,,,,
15 March 2019,0.615166667,0.581723273,,,,,,
17 March 2019,0.580322442,0.51670973,,,,,,
18 March 2019,0.632698187,0.607582548,0.429187338,-0.326837702,0.19652743,-5.000225318,8.2577605,
19 March 2019,0.45474026,0.441747432,,,,,,
21 March 2019,0.557470203,0.557653437,,,,,,
22 March 2019,0.462551358,0.427114929,,,,,,
23 March 2019,0.497340578,0.485330924,0.451452168,-0.326463871,0.168111908,1.461646399,8.272495287,
24 March 2019,0.583287247,0.577126145,,,,,,
25 March 2019,0.509625445,0.518212777,,,,,,
26 March 2019,0.528214555,0.483884091,,,,,,
27 March 2019,0.555516979,0.55060861,,,,,,
28 March 2019,0.623615451,0.605009538,0.323300724,-0.215485929,0.166807129,1.643997093,8.126761616,
29 March 2019,0.585652942,0.601575954,,,,,,
30 March 2019,0.552521185,0.511484697,,,,,,
31 March 2019,0.545804447,0.541393993,,,,,,
01 April 2019,0.562404189,0.545696664,,,,,,
02 April 2019,0.589529003,0.60519685,0.3302195,-0.231533287,0.169609484,0.769964844,8.089910484,
03 April 2019,0.539282368,0.566313395,,,,,,
05 April 2019,0.527559217,0.524673814,,,,,,28.05691054
06 April 2019,0.477253872,,,,,,,
07 April 2019,0.5170421,0.511817619,0.310613983,-0.196620983,0.165439891,-1.771951863,8.097821647,
09 April 2019,0.536718211,0.533538775,,,,,,
11 April 2019,0.506789739,0.563744643,,,,,,
13 April 2019,0.52084103,0.513788002,,,,,,
14 April 2019,0.538095677,0.51193773,,,,,,
15 April 2019,0.516984455,0.511705106,,,,,,
16 April 2019,0.61894422,,,,,,,
17 April 2019,0.62148884,0.587610893,0.309873841,-0.176358414,0.149497628,-1.879360575,8.12066066,
18 April 2019,0.561756715,,,,,,,
19 April 2019,0.503154847,0.490207122,,,,,,
20 April 2019,0.532459334,0.549609598,,,,,,
21 April 2019,0.682516915,0.699467354,,,,,,31.88511292
22 April 2019,0.538982876,0.493292803,0.077080452,-0.032708509,0.180262095,-3.120153851,7.947568521,
23 April 2019,0.570647854,,,,,,,
24 April 2019,0.614667448,0.62880075,,,,,,
25 April 2019,0.604731388,0.572390602,,,,,,
26 April 2019,0.611415955,0.571109785,,,,,,
27 April 2019,0.569934279,0.549234688,0.390306229,-0.236056177,0.165214045,-5.188777218,8.161852805,
28 April 2019,0.617645555,0.621018437,,,,,,
29 April 2019,0.612506166,0.571973221,,,,,,
30 April 2019,0.717603793,,,,,,,
02 May 2019,0.549586525,0.566993808,0.272794747,-0.161675632,0.214800208,-1.512016911,8.119504179,
03 May 2019,0.613151955,0.574113532,,,,,,
04 May 2019,0.646085094,0.68011967,,,,,,
06 May 2019,0.575695416,0.575609626,,,,,,
07 May 2019,0.604724725,0.554989926,0.189377328,-0.096343486,0.138032862,1.405364998,8.092476628,34.30165622
08 May 2019,0.595492312,0.603267681,,,,,,
10 May 2019,0.583285307,0.565400374,,,,,,
11 May 2019,0.541492809,0.506943743,,,,,,
12 May 2019,0.501643153,0.495409628,0.178443754,-0.075321084,0.142369872,2.233899147,8.046581865,
13 May 2019,0.642820342,0.678098495,,,,,,
14 May 2019,0.624396318,0.62734756,,,,,,
15 May 2019,0.590721905,,,,,,,
16 May 2019,0.544369625,0.531119839,,,,,,
17 May 2019,0.592344876,0.606608033,0.139330619,-0.041846667,0.106360173,2.874609202,8.014801586,
18 May 2019,0.657886344,0.648454557,,,,,,
19 May 2019,0.547213345,0.500974926,,,,,,
20 May 2019,0.578403659,0.590859432,,,,,,
22 May 2019,0.517773661,0.579919248,0.222736386,-0.1045763,0.143012545,2.180394739,8.050945882,
23 May 2019,0.427117797,0.502913786,,,,,,34.55431933
24 May 2019,0.566266019,0.57567557,,,,,,
25 May 2019,0.608289539,0.598753342,,,,,,
26 May 2019,0.603992377,0.576955442,,,,,,
27 May 2019,0.577703914,0.592845022,0.308968612,-0.20325615,0.112232957,2.443750837,8.123183849,
30 May 2019,0.510950974,0.496543522,,,,,,
31 May 2019,0.624065181,0.330395319,,,,,,
02 June 2019,0.548935601,0.438537102,,,,,,
03 June 2019,0.558129252,0.525462075,,,,,,
04 June 2019,0.588415341,0.581428183,,,,,,
06 June 2019,0.625945313,0.575942968,0.162078391,-0.076106492,0.10456245,1.562458204,8.073139486,
07 June 2019,0.554517255,0.527293933,,,,,,
10 June 2019,0.620327036,0.627386227,,,,,,
11 June 2019,0.560449247,0.514195111,0.166262529,-0.057745774,0.123852571,2.394315021,8.037200286,
12 June 2019,0.580662876,0.568779868,,,,,,
13 June 2019,0.647001643,0.638834097,,,,,,
14 June 2019,0.649189645,0.6392621,,,,,,
15 June 2019,0.551284853,0.496559323,,,,,,
16 June 2019,0.604419449,0.570591995,,,,,,
17 June 2019,0.654866248,0.62777042,,,,,,
18 June 2019,0.613077427,0.604695865,,,,,,
19 June 2019,0.574757352,0.510345336,,,,,,
20 June 2019,0.628158278,0.588575183,,,,,,
21 June 2019,0.610780707,0.582399704,,,,,,
22 June 2019,0.614061143,0.608536845,,,,,,
23 June 2019,0.608443851,0.585541475,,,,,,
25 June 2019,0.602868313,0.539532138,,,,,,
26 June 2019,0.544223867,0.464110365,,,,,,
27 June 2019,0.598823255,0.587822399,,,,,,
29 June 2019,0.597663737,0.537934217,,,,,,
30 June 2019,0.538343224,0.485613416,,,,,,
01 July 2019,0.635594001,0.595095783,,,,,,
03 July 2019,0.629984919,0.584257547,,,,,,
04 July 2019,0.625865881,0.600737467,,,,,,
05 July 2019,0.626954671,0.587815407,,,,,,
07 July 2019,0.625126019,0.588635124,,,,,,
08 July 2019,0.626883117,0.581734315,,,,,,
09 July 2019,0.630003534,0.588994247,,,,,,
10 July 2019,0.625701977,0.587930997,,,,,,11.03889224
11 July 2019,0.598178202,0.559675796,,,,,,
12 July 2019,0.577305443,0.521569924,,,,,,
13 July 2019,0.613475176,0.580732366,,,,,,
14 July 2019,0.57030587,0.530102493,,,,,,
15 July 2019,0.560619868,0.530176305,,,,,,
16 July 2019,0.591696629,0.538527661,,,,,,
17 July 2019,0.544235289,0.508082027,,,,,,
18 July 2019,0.598447608,0.558070295,,,,,,
19 July 2019,0.538556661,0.518990969,,,,,,
20 July 2019,0.58455348,0.573155044,,,,,,
22 July 2019,0.545474053,0.492549765,,,,,,
23 July 2019,0.481361749,0.58457763,,,,,,
24 July 2019,0.563607149,0.577488183,,,,,,
26 July 2019,0.495790135,0.451030883,,,,,,
27 July 2019,0.620836446,0.416120043,,,,,,
28 July 2019,0.621432647,0.573740101,,,,,,
30 July 2019,0.619993126,0.562441885,,,,,,
31 July 2019,0.631668112,0.601560853,,,,,,
01 August 2019,0.630448533,0.596186262,,,,,,
03 August 2019,0.630792497,0.600919315,,,,,,
04 August 2019,0.635154243,0.600460711,,,,,,
05 August 2019,0.630433677,0.596489174,,,,,,
06 August 2019,0.632628608,0.60235652,,,,,,
07 August 2019,0.621327653,0.584106347,,,,,,
08 August 2019,0.620132836,0.57559687,,,,,,
09 August 2019,0.61827457,0.57851609,,,,,,
10 August 2019,0.624596118,0.581780409,,,,,,
11 August 2019,0.592548574,0.569366717,,,,,,-123.1485201
12 August 2019,0.626800061,0.578901589,,,,,,
13 August 2019,0.640798795,0.611142531,,,,,,
14 August 2019,0.586932839,0.564266804,,,,,,
15 August 2019,0.628992519,0.588206407,,,,,,
16 August 2019,0.626411555,0.591187143,,,,,,
18 August 2019,0.625535146,0.584209301,,,,,,
19 August 2019,0.620942011,0.595648754,,,,,,
20 August 2019,0.6187559,0.589879707,,,,,,
22 August 2019,0.58960718,0.554821553,,,,,,
23 August 2019,0.582225445,0.553570594,,,,,,
24 August 2019,0.617599831,0.571075923,,,,,,
26 August 2019,0.638415318,0.594605214,,,,,,
27 August 2019,0.621689595,0.595389157,,,,,,
28 August 2019,0.526250742,0.492616024,,,,,,
30 August 2019,0.632118659,0.609661543,,,,,,
31 August 2019,0.632508107,0.594367856,,,,,,
01 September 2019,0.528801594,0.484939511,,,,,,
02 September 2019,0.616580712,0.578833555,,,,,,
03 September 2019,0.634681595,0.616647957,,,,,,
04 September 2019,0.548585509,0.49645928,,,,,,
05 September 2019,0.623989509,0.59117968,,,,,,
06 September 2019,0.628985747,0.58979456,,,,,,
07 September 2019,0.606268227,0.581157823,,,,,,
08 September 2019,0.601669432,0.549993367,,,,,,
09 September 2019,0.626278673,0.586855721,,,,,,
10 September 2019,0.632854372,0.609405582,,,,,,
11 September 2019,0.631665868,0.599417835,,,,,,
12 September 2019,0.623493547,0.587146921,,,,,,
14 September 2019,0.622890805,0.580467164,,,,,,
15 September 2019,0.623577446,0.588518869,,,,,,
16 September 2019,0.620177455,0.575358463,,,,,,
18 September 2019,0.622307091,0.570327294,,,,,,
19 September 2019,0.565575194,0.527585898,,,,,,
20 September 2019,0.541391999,0.505678247,,,,,,
22 September 2019,0.555003059,0.498465476,,,,,,
23 September 2019,0.45659245,0.617270315,,,,,,
24 September 2019,0.513333704,0.487547167,,,,,,
26 September 2019,0.620059615,0.58764511,,,,,,
27 September 2019,0.637758133,0.605534789,,,,,,
28 September 2019,0.621037158,0.59429501,,,,,,
29 September 2019,0.597609857,0.555484293,,,,,,
30 September 2019,0.607842463,0.57471302,,,,,,
01 October 2019,0.625560016,0.582980972,,,,,,
02 October 2019,0.487920506,0.453150911,,,,,,
03 October 2019,0.526939522,0.476629079,,,,,,
04 October 2019,0.438115138,0.418521123,0.162057534,-0.05648496,0.093511322,2.465110521,8.060457319,
05 October 2019,0.635446825,0.589326499,,,,,,
06 October 2019,0.505237801,0.467360421,,,,,,
07 October 2019,0.446159248,0.397132822,,,,,,
08 October 2019,0.580617629,0.54926921,,,,,,
09 October 2019,0.420216576,0.417380876,0.183050703,-0.135091269,0.175526911,8.416425128,7.483785639,
11 October 2019,0.422495074,0.368810948,,,,,,
12 October 2019,0.379409014,0.364540681,,,,,,
13 October 2019,0.366696083,0.392337115,,,,,,
15 October 2019,0.410234242,0.359647344,,,,,,
16 October 2019,0.380681473,0.379042028,,,,,,
17 October 2019,0.378180563,0.391781358,,,,,,
19 October 2019,0.432184724,0.361225356,,,,,,
20 October 2019,0.424982765,0.379379899,,,,,,
21 October 2019,0.630358698,0.597689421,,,,,,
23 October 2019,0.62375184,0.591322405,,,,,,
24 October 2019,0.612679746,0.566839926,,,,,,
25 October 2019,0.403111051,0.360119123,,,,,,
26 October 2019,0.624178042,0.586054188,,,,,,
27 October 2019,0.622335483,0.588239358,,,,,,
28 October 2019,0.58600226,0.521555957,,,,,,
29 October 2019,0.491703704,0.434072006,,,,,,
30 October 2019,0.623025122,0.577647272,,,,,,32.10823453
31 October 2019,0.444932712,0.414151935,,,,,,
01 November 2019,0.618637456,0.569702794,,,,,,
02 November 2019,0.53863948,0.492868167,,,,,,
03 November 2019,0.441557515,0.371592143,,,,,,
04 November 2019,0.633725913,0.581772339,,,,,,
05 November 2019,0.362841873,0.370854011,,,,,,
07 November 2019,0.399033252,0.338183463,,,,,,
08 November 2019,0.406719502,0.383536394,,,,,,
09 November 2019,0.471685866,0.417992052,,,,,,
11 November 2019,0.630643213,0.585436924,,,,,,
12 November 2019,0.466399521,0.360698435,,,,,,
13 November 2019,0.447194331,0.38990264,,,,,,
15 November 2019,0.46410683,0.363309128,,,,,,26.25422498
16 November 2019,0.417886417,0.392329837,,,,,,
17 November 2019,0.41727696,0.36782914,,,,,,
19 November 2019,0.492393101,0.450579939,,,,,,
20 November 2019,0.461107113,0.37119281,,,,,,
21 November 2019,0.517727788,0.449964813,,,,,,
22 November 2019,0.468001772,0.404720981,,,,,,
23 November 2019,0.426634659,0.387973289,0.257368845,-0.253095774,0.200408765,9.584326256,7.894015838,
24 November 2019,0.458445478,0.365774897,,,,,,
25 November 2019,0.480826448,0.4240001,,,,,,
26 November 2019,0.492236037,0.408439292,,,,,,
27 November 2019,0.482143433,0.419807343,,,,,,
28 November 2019,0.481695009,0.384059406,0.217647638,-0.224001043,0.226948752,5.962818889,7.743341874,
29 November 2019,0.44321526,0.376547037,,,,,,
30 November 2019,0.443785025,0.365292504,,,,,,
01 December 2019,0.501257063,0.432714795,,,,,,27.49652568
01 December 2019,0.501257063,0.374874119,,,,,,27.49652568
02 December 2019,0.501568037,0.437896719,,,,,,
04 December 2019,0.487744806,0.390405029,,,,,,
05 December 2019,0.439289987,0.384751341,,,,,,
06 December 2019,0.438342987,0.390895444,,,,,,
08 December 2019,0.557290858,0.478347098,0.125830472,-0.144794649,0.252790452,3.325703526,7.777573412,
09 December 2019,0.438199433,0.363698021,,,,,,
10 December 2019,0.459183088,0.388268663,,,,,,
12 December 2019,0.480540531,0.364719127,,,,,,
13 December 2019,0.498957833,0.371291639,0.170856764,-0.191745783,0.21762832,2.794577411,7.94078968,
14 December 2019,0.436908684,0.363350303,,,,,,
16 December 2019,0.629033622,0.590713265,,,,,,
17 December 2019,0.621866376,0.563824528,,,,,,20.51178022
18 December 2019,0.63902685,0.599162132,0.166388874,-0.16197989,0.263705194,3.463756891,7.955739158,
19 December 2019,0.630261045,0.579537464,,,,,,
20 December 2019,0.436701909,0.378238032,,,,,,
21 December 2019,0.48716205,0.384901854,,,,,,
22 December 2019,0.441118154,0.369972486,,,,,,
23 December 2019,0.497798756,0.410885195,0.226456356,-0.214668212,0.212203357,5.336456666,8.057121796,
24 December 2019,0.493529929,0.418580352,,,,,,
25 December 2019,0.464236003,0.352537248,,,,,,
26 December 2019,0.62964286,0.575146729,,,,,,
27 December 2019,0.5994266,0.538326469,,,,,,
28 December 2019,0.467794878,0.411149279,0.202180725,-0.157984277,0.221995726,5.839103519,7.94940521,
29 December 2019,0.398818884,0.346840319,,,,,,
01 January 2020,0.486433184,0.616376144,,,,,,
02 January 2020,0.64046339,0.600685313,,,,,,11.63688963
04 January 2020,0.522188147,0.413747028,,,,,,
05 January 2020,0.64451805,0.60140847,,,,,,
06 January 2020,0.411416197,0.351123984,,,,,,
08 January 2020,0.442865611,0.334573225,,,,,,
09 January 2020,0.412460073,0.331882955,,,,,,
10 January 2020,0.433032075,0.377195847,,,,,,
12 January 2020,0.419513692,0.384713792,0.214445095,-0.24347006,0.18033477,6.225020812,8.013823277,
13 January 2020,0.413365419,0.325415426,,,,,,
14 January 2020,0.409978863,0.360889387,,,,,,
15 January 2020,0.488883101,0.424061153,,,,,,
16 January 2020,0.608261293,0.573142385,,,,,,
17 January 2020,0.569397426,0.484832761,0.354022616,-0.279229923,0.182956447,9.152411116,7.789505124,
18 January 2020,0.443257063,0.373165152,,,,,,13.93448048
19 January 2020,0.627266313,0.570896696,,,,,,
20 January 2020,0.639710122,0.606194988,,,,,,
21 January 2020,0.5148588,0.419220734,,,,,,
22 January 2020,0.454332438,0.383254844,,,,,,
23 January 2020,0.423846189,0.342000946,,,,,,
24 January 2020,0.515441492,0.409372292,,,,,,
25 January 2020,0.384001727,0.360248941,,,,,,
27 January 2020,0.425518362,0.341560122,,,,,,
28 January 2020,0.38881305,0.457514521,,,,,,
29 January 2020,0.427284415,0.391303391,,,,,,
31 January 2020,0.454210246,0.3655019,,,,,,
01 February 2020,0.512791744,0.334736317,0.347258224,-0.259453107,0.175293515,10.09104245,7.773918759,
02 February 2020,0.402550211,0.370536788,,,,,,
04 February 2020,0.444098775,0.352982709,,,,,,
05 February 2020,0.409504079,0.380515945,,,,,,
06 February 2020,0.403623189,0.365834315,0.382912179,-0.276803239,0.162197047,9.375859982,7.639192673,
08 February 2020,0.469479615,0.426088924,,,,,,
09 February 2020,0.466517563,0.37626229,,,,,,
10 February 2020,0.408542819,0.367048659,,,,,,
11 February 2020,0.487621902,0.422146725,0.40262794,-0.274442439,0.163796308,9.695016214,7.703919234,
12 February 2020,0.401127748,0.381276425,,,,,,
13 February 2020,0.4449316,0.363962309,,,,,,
14 February 2020,0.419199137,0.401755049,,,,,,
15 February 2020,0.481211718,0.422045453,,,,,,
16 February 2020,0.424617593,0.429239139,0.45770292,-0.315672324,0.162916845,10.47568031,7.499185391,
17 February 2020,0.449608798,0.378421912,,,,,,
18 February 2020,0.419862813,0.414785463,,,,,,
19 February 2020,0.399869565,0.367501087,,,,,,19.60121532
20 February 2020,0.493681801,0.382276197,,,,,,
21 February 2020,0.46318654,0.451591953,0.474204591,-0.404205915,0.122809425,9.81302193,7.8476694,
23 February 2020,0.472118105,0.398105493,,,,,,
24 February 2020,0.45120626,0.400496385,,,,,,
25 February 2020,0.453967686,0.434012657,,,,,,
27 February 2020,0.467216052,0.380654133,,,,,,
28 February 2020,0.413546602,0.385064447,,,,,,
29 February 2020,0.444952136,0.378294562,,,,,,
02 March 2020,0.502490933,0.432063883,0.371875998,-0.258070142,0.125627982,10.26364811,7.966985028,
03 March 2020,0.624630913,0.386713374,,,,,,
04 March 2020,0.409602918,0.385892637,,,,,,
06 March 2020,0.49230376,0.471953514,,,,,,15.81016926
07 March 2020,0.46553672,0.396137443,0.326780475,-0.218954302,0.171686312,10.7227023,7.708627238,
08 March 2020,0.431082283,0.411694971,,,,,,
09 March 2020,0.541176862,0.497049496,,,,,,
10 March 2020,0.625271506,0.594430756,,,,,,
11 March 2020,0.470901199,0.415539267,,,,,,
12 March 2020,0.47937308,0.448446446,0.509545278,-0.345007915,0.116528972,11.38084297,8.225215775,
13 March 2020,0.630805527,0.585470182,,,,,,
14 March 2020,0.608952605,0.577024837,,,,,,
15 March 2020,0.471665314,0.415241355,,,,,,
16 March 2020,0.49641521,0.468820209,,,,,,
17 March 2020,0.485643316,0.433420225,0.60834841,-0.391553894,0.147192631,11.33257999,8.147067811,
18 March 2020,0.511489667,0.494754761,,,,,,
19 March 2020,0.473910372,0.462872952,,,,,,
21 March 2020,0.512003452,0.451084253,,,,,,
22 March 2020,0.48382409,0.427066479,0.540553374,-0.370549016,0.111795504,11.36212868,8.149685255,24.05163755
23 March 2020,0.442498949,0.469333632,,,,,,
25 March 2020,0.520567579,0.474218822,,,,,,
26 March 2020,0.43870251,0.464847765,,,,,,
27 March 2020,0.582952057,0.532113708,,,,,,
29 March 2020,0.525880416,0.449203282,,,,,,
30 March 2020,0.438957871,0.597388594,,,,,,
31 March 2020,0.448963002,0.456740215,,,,,,
02 April 2020,0.555629757,0.566568901,,,,,,
03 April 2020,0.470383141,0.425054765,,,,,,
04 April 2020,0.47309537,0.470479356,,,,,,
05 April 2020,0.585335093,0.566159118,,,,,,
06 April 2020,0.52218116,0.553858614,0.279667529,-0.166579163,0.173713572,8.416050656,7.995205882,
07 April 2020,0.525133751,0.477134861,,,,,,31.55249098
08 April 2020,0.509292091,0.500249384,,,,,,
09 April 2020,0.571617569,0.533388337,,,,,,
10 April 2020,0.547901267,0.554086041,,,,,,
11 April 2020,0.522632216,0.472489213,0.290726765,-0.20008309,0.160588089,7.51560589,7.797690476,
12 April 2020,0.518203355,0.503450346,,,,,,
13 April 2020,0.554207573,0.515106062,,,,,,
14 April 2020,0.570334921,0.586042269,,,,,,
15 April 2020,0.567081829,0.498461329,,,,,,
17 April 2020,0.555846546,0.522165378,,,,,,
18 April 2020,0.505934045,0.511472219,,,,,,
19 April 2020,0.641265835,0.611180973,,,,,,
21 April 2020,0.632035068,0.57134155,0.339724091,-0.258749982,0.11029049,5.463592271,8.061929941,
22 April 2020,0.508711282,0.472383395,,,,,,
23 April 2020,0.42521955,0.445171317,,,,,,33.3461893
25 April 2020,0.577008348,0.522596155,,,,,,
26 April 2020,0.487635577,0.44843797,0.289016529,-0.188579304,0.159400372,2.345991863,8.055254935,
27 April 2020,0.46003123,0.443912841,,,,,,
29 April 2020,0.677813384,0.751907444,,,,,,
30 April 2020,0.489517159,0.453629954,,,,,,
01 May 2020,0.593925983,0.437456047,0.291811344,-0.181214307,0.14485222,2.790890858,8.022568036,
02 May 2020,0.612953195,0.403653617,,,,,,
03 May 2020,0.592007531,0.625459095,,,,,,
04 May 2020,0.53309226,0.485034177,,,,,,
05 May 2020,0.521470467,0.526279102,,,,,,
06 May 2020,0.592432253,0.581256744,0.269932092,-0.147025437,0.15163606,3.583434584,8.009255141,
07 May 2020,0.549999903,0.543592267,,,,,,
08 May 2020,0.53425787,0.483537369,,,,,,
09 May 2020,0.523315917,0.515810167,,,,,,32.65293324
10 May 2020,0.5352069,0.517862476,,,,,,
11 May 2020,0.574184214,0.565752214,0.085193109,-0.014507832,0.109442114,39.7268494,7.752788663,
12 May 2020,0.63454696,0.682616431,,,,,,
14 May 2020,0.549069241,0.50893693,,,,,,
15 May 2020,0.509804717,0.48025083,,,,,,
16 May 2020,0.552839589,0.588554462,0.273249162,-0.162295864,0.151961685,5.560285265,8.004423354,
18 May 2020,0.552400566,0.500848615,,,,,,
19 May 2020,0.521104547,0.464708571,,,,,,
20 May 2020,0.539574192,0.54080096,,,,,,
22 May 2020,0.586260373,0.532767817,,,,,,
23 May 2020,0.52447113,0.473533729,,,,,,
24 May 2020,0.53231385,0.525868119,,,,,,
26 May 2020,0.622937834,0.65193786,0.362248664,-0.208099283,0.143223917,4.37550686,8.039994061,
27 May 2020,0.51276195,0.46629198,,,,,,
28 May 2020,0.525264311,0.516723021,,,,,,
29 May 2020,0.632666487,0.634642067,,,,,,
30 May 2020,0.584819294,0.586761025,,,,,,
31 May 2020,0.549221412,0.500763717,0.243730682,-0.132638861,0.113398226,4.464167756,8.073609598,
01 June 2020,0.563150218,0.549268187,,,,,,
02 June 2020,0.602523449,0.572653541,,,,,,
03 June 2020,0.631334421,0.600704999,,,,,,
04 June 2020,0.570665169,0.507399735,,,,,,
05 June 2020,0.485133813,0.456055582,0.28372129,-0.142485823,0.148327334,4.889056689,7.930773341,
06 June 2020,0.625206955,0.585716934,,,,,,
07 June 2020,0.55984853,0.457419095,,,,,,
08 June 2020,0.599320391,0.621556579,,,,,,
10 June 2020,0.520378673,0.462616044,0.206426629,-0.125503025,0.163736026,5.610143608,7.892736107,35.36783159
11 June 2020,0.463155766,0.424888535,,,,,,
12 June 2020,0.507937966,0.434522256,,,,,,
14 June 2020,0.554977478,0.485777613,,,,,,
15 June 2020,0.612712579,0.574562626,,,,,,
16 June 2020,0.627572906,0.588935037,,,,,,
18 June 2020,0.574725777,0.506151913,,,,,,
19 June 2020,0.497820608,0.501655216,,,,,,
20 June 2020,0.554257044,0.505318484,,,,,,
22 June 2020,0.549786276,0.555989905,,,,,,
23 June 2020,0.629195688,0.590229812,,,,,,
24 June 2020,0.625893789,0.583834815,,,,,,
25 June 2020,0.531694296,0.504617593,,,,,,
26 June 2020,0.573384341,0.554128875,,,,,,34.47677817
27 June 2020,0.621239082,0.584629871,,,,,,
28 June 2020,0.612603118,0.580067072,,,,,,
29 June 2020,0.507083196,0.466652677,,,,,,
30 June 2020,0.509060503,0.502717481,0.178043162,-0.098891833,0.186717512,7.139351678,7.884084019,
01 July 2020,0.511370875,0.452286443,,,,,,
02 July 2020,0.607240404,0.575450251,,,,,,
03 July 2020,0.44973337,0.427355389,,,,,,
04 July 2020,0.62154526,0.573079532,,,,,,
05 July 2020,0.585481485,0.615588169,,,,,,
07 July 2020,0.490297462,0.449598907,,,,,,
08 July 2020,0.621033981,0.608719508,,,,,,
08 July 2020,0.621033981,0.558723308,,,,,,
09 July 2020,0.568814018,0.539081376,,,,,,
11 July 2020,0.528417471,0.485633717,,,,,,
12 July 2020,0.621291862,0.496397556,,,,,,28.36444915
13 July 2020,0.630835503,0.596796145,,,,,,
15 July 2020,0.544597272,0.471073685,,,,,,
16 July 2020,0.641640236,0.615137026,,,,,,
17 July 2020,0.621578042,0.5852839,,,,,,
19 July 2020,0.552811659,0.587627125,,,,,,
20 July 2020,0.592530066,0.561404151,,,,,,
21 July 2020,0.621007858,0.585188895,,,,,,
22 July 2020,0.630645719,0.607880483,,,,,,
23 July 2020,0.53714683,0.543803493,,,,,,
24 July 2020,0.488233605,0.438192554,,,,,,
25 July 2020,0.448034493,0.436784946,,,,,,
26 July 2020,0.532683151,0.500437824,,,,,,
27 July 2020,0.448254018,0.429330698,,,,,,
28 July 2020,0.609462726,0.567700209,,,,,,-7.898216492
29 July 2020,0.486623867,0.459406299,,,,,,
30 July 2020,0.449519923,0.423067532,,,,,,
31 July 2020,0.631232242,0.585637421,,,,,,
01 August 2020,0.531391833,0.505460641,,,,,,
03 August 2020,0.486321582,0.456771119,,,,,,
04 August 2020,0.396305573,0.388418581,,,,,,
05 August 2020,0.62880218,0.599648381,,,,,,
07 August 2020,0.61554795,0.569677908,,,,,,
08 August 2020,0.604565944,0.56596451,,,,,,
09 August 2020,0.623058407,0.582640764,,,,,,
11 August 2020,0.625235589,0.577953555,,,,,,
12 August 2020,0.621285339,0.606290961,,,,,,
13 August 2020,0.624585072,0.590958609,,,,,,
15 August 2020,0.634446332,0.613407168,,,,,,
16 August 2020,0.62928305,0.590415038,,,,,,
17 August 2020,0.631140831,0.597356816,,,,,,
18 August 2020,0.618447501,0.578551238,,,,,,
19 August 2020,0.624266253,0.590674451,,,,,,
20 August 2020,0.625039718,0.58041591,,,,,,
21 August 2020,0.617045902,0.592635163,,,,,,
22 August 2020,0.624553848,0.583931701,,,,,,
23 August 2020,0.62730447,0.596206033,,,,,,
24 August 2020,0.581546778,0.522870152,,,,,,
25 August 2020,0.635443426,0.602713556,,,,,,
26 August 2020,0.630122202,0.595937141,,,,,,
27 August 2020,0.536639923,0.355905948,,,,,,
28 August 2020,0.626431961,0.591872725,,,,,,
30 August 2020,0.622665143,0.583404004,,,,,,
31 August 2020,0.576666186,0.585564975,,,,,,
01 September 2020,0.54021071,0.504375284,,,,,,
03 September 2020,0.630202815,0.595498796,,,,,,
04 September 2020,0.545871211,0.539124759,,,,,,
05 September 2020,0.419259556,0.395781295,,,,,,
07 September 2020,0.404602646,0.350862034,,,,,,
08 September 2020,0.419337453,0.43926374,,,,,,
09 September 2020,0.493887079,0.462359134,,,,,,
11 September 2020,0.546608897,0.539115103,,,,,,
12 September 2020,0.435300462,0.388259237,,,,,,
13 September 2020,0.443602448,0.419760324,,,,,,
14 September 2020,0.435549932,0.412822885,,,,,,27.07669243
15 September 2020,0.439608287,0.425660494,,,,,,
16 September 2020,0.442705078,0.389313475,,,,,,
17 September 2020,0.440762043,0.400797349,,,,,,
18 September 2020,0.524480883,0.469304996,,,,,,
19 September 2020,0.462811938,0.447868146,,,,,,
20 September 2020,0.472288961,0.402559716,,,,,,
21 September 2020,0.445113469,,,,,,,
22 September 2020,0.51013472,0.451423869,,,,,,
23 September 2020,0.578655029,0.491824752,,,,,,
24 September 2020,0.627290556,0.593474162,,,,,,
26 September 2020,0.623124863,0.582018844,,,,,,
27 September 2020,0.620872855,0.467238965,,,,,,
28 September 2020,0.614516628,0.592965259,0.205087389,-0.132127839,0.217975142,5.866619404,7.974956543,
30 September 2020,0.548513061,0.485716346,,,,,,35.47153831
01 October 2020,0.410626813,0.367884731,,,,,,
02 October 2020,0.43756707,0.427858251,,,,,,
04 October 2020,0.439784834,0.37449098,,,,,,
05 October 2020,0.413242458,0.376480728,,,,,,
06 October 2020,0.400884432,0.380113176,,,,,,
08 October 2020,0.423868323,0.420083068,,,,,,
09 October 2020,0.421257779,0.372920686,,,,,,
10 October 2020,0.59020247,0.552788263,,,,,,
11 October 2020,0.512786107,0.482833237,,,,,,
12 October 2020,0.456074911,0.409236195,,,,,,
13 October 2020,0.466473642,0.400594281,,,,,,
14 October 2020,0.438959229,0.399910637,,,,,,
15 October 2020,0.501221512,0.434651352,,,,,,
16 October 2020,0.604351873,0.580649763,,,,,,31.33425777
17 October 2020,0.582401374,0.525016643,,,,,,
18 October 2020,0.441497123,0.378869253,0.254190561,-0.189806761,0.249741372,7.838270425,7.991258112,
19 October 2020,0.512009915,0.454002756,,,,,,
20 October 2020,0.502663909,0.456633577,,,,,,
21 October 2020,0.503103356,0.454958531,,,,,,
23 October 2020,0.498467185,0.410129733,0.342403499,-0.278727881,0.260314653,5.872915126,7.931539693,
24 October 2020,0.469598757,0.403225006,,,,,,
25 October 2020,0.411722731,0.385255171,,,,,,
27 October 2020,0.453456032,0.378417358,,,,,,
28 October 2020,0.420086215,0.373770433,0.222799409,-0.193345774,0.23350779,4.726266848,8.036972868,
28 October 2020,0.420086215,0.38037002,0.222799409,-0.193345774,0.23350779,4.726266848,8.036972868,
29 October 2020,0.447945648,0.404190602,,,,,,
31 October 2020,0.484396309,0.387154362,,,,,,
01 November 2020,0.474456201,0.400581302,,,,,,22.16993494
02 November 2020,0.476151334,0.412186085,0.258232978,-0.201907783,0.24216062,3.889990367,8.003262673,
04 November 2020,0.457199099,0.412147386,,,,,,
05 November 2020,0.477983001,0.389262144,,,,,,
06 November 2020,0.427666509,0.366795759,,,,,,
07 November 2020,0.516618947,0.45685976,0.221670651,-0.195720537,0.233458094,3.35916509,8.086480874,
08 November 2020,0.46470534,0.406330837,,,,,,
09 November 2020,0.498033067,0.405227089,,,,,,
10 November 2020,0.493661519,0.4166722,,,,,,
11 November 2020,0.52357946,0.436144709,,,,,,
12 November 2020,0.531195583,0.461326381,0.148999941,-0.172045652,0.242186969,3.030400659,8.012816343,
13 November 2020,0.512903309,0.408760074,,,,,,
14 November 2020,0.469484475,0.395387696,,,,,,
15 November 2020,0.473461237,0.379845471,,,,,,
16 November 2020,0.519026387,0.406580651,,,,,,
17 November 2020,0.420391635,0.379948314,0.182246126,-0.20986278,0.229744157,4.578061513,8.001070287,26.49820871
19 November 2020,0.46918171,0.381602759,,,,,,
20 November 2020,0.445258995,0.390971755,,,,,,
21 November 2020,0.484120588,0.41658313,,,,,,
23 November 2020,0.493277295,0.385666342,,,,,,
24 November 2020,0.407124186,0.339349988,,,,,,
25 November 2020,0.423363349,0.341983635,,,,,,
26 November 2020,0.431954586,0.336384282,,,,,,
28 November 2020,0.415875496,0.328504494,,,,,,
29 November 2020,0.419268537,0.334085881,,,,,,
01 December 2020,0.447622107,0.367359738,,,,,,
02 December 2020,0.409721583,0.314279139,0.132680827,-0.151842271,0.252553369,3.347227976,7.867994668,
03 December 2020,0.419748781,0.328568075,,,,,,26.06384964
04 December 2020,0.482209839,0.390283315,,,,,,
05 December 2020,0.43141507,0.347299145,,,,,,
06 December 2020,0.428708193,0.330137233,,,,,,
07 December 2020,0.452527657,0.358126247,0.302641143,-0.237815497,0.205753245,4.692495829,8.029194809,
08 December 2020,0.477677449,0.384682337,,,,,,
09 December 2020,0.483304447,0.331077125,,,,,,
09 December 2020,0.483304447,0.393817738,,,,,,
11 December 2020,0.454887507,0.361300446,,,,,,
12 December 2020,0.440068067,0.347944538,,,,,,
13 December 2020,0.579646849,0.591956837,,,,,,
14 December 2020,0.575892579,0.606589463,,,,,,
15 December 2020,0.598299033,0.666345991,,,,,,
16 December 2020,0.567512722,0.587607986,,,,,,
17 December 2020,0.583092207,0.624264605,0.366502528,-0.285492017,0.208082674,6.162116752,8.006644789,
18 December 2020,0.454179265,0.376143571,,,,,,
19 December 2020,0.424687203,0.336797719,,,,,,23.91121954
21 December 2020,0.385200041,0.281467589,,,,,,
22 December 2020,0.396550506,0.292057442,0.155526463,-0.157358483,0.23280154,6.14622185,7.976575589,
23 December 2020,0.41157378,0.303737988,,,,,,
25 December 2020,0.398076275,0.29643951,,,,,,
26 December 2020,0.425412211,0.333968166,,,,,,
28 December 2020,0.463842388,0.395157317,,,,,,
29 December 2020,0.4028413,0.306642221,,,,,,
30 December 2020,0.459209608,0.382544335,,,,,,
01 January 2021,0.46312545,,0.207343115,-0.159349434,0.190977501,5.747225826,7.960776784,
02 January 2021,0.410162511,,,,,,,
03 January 2021,0.459635549,,,,,,,
04 January 2021,0.460784202,,,,,,,20.20442417
05 January 2021,0.56290876,,,,,,,
07 January 2021,0.448353923,,,,,,,
08 January 2021,0.576331491,,,,,,,
09 January 2021,0.448078711,,,,,,,
10 January 2021,0.575821462,,,,,,,
11 January 2021,0.589801614,,,,,,,
12 January 2021,0.585620183,,,,,,,
13 January 2021,0.406725485,,,,,,,
14 January 2021,0.416119256,,,,,,,
15 January 2021,0.410740099,,,,,,,
17 January 2021,0.389459645,,,,,,,
18 January 2021,0.456969829,,,,,,,
19 January 2021,0.432597396,,,,,,,
21 January 2021,0.541570746,,0.236232746,-0.194055249,0.196570858,5.985429823,7.98296526,
22 January 2021,0.400719325,,,,,,,
24 January 2021,0.459969357,,,,,,,
25 January 2021,0.398650973,,,,,,,
26 January 2021,0.463515325,,0.388600868,-0.308346162,0.170395305,3.619664864,8.030813902,
27 January 2021,0.473220559,,,,,,,
28 January 2021,0.453699862,,,,,,,
29 January 2021,0.423287615,,,,,,,
30 January 2021,0.459427155,,,,,,,
31 January 2021,0.471157508,,0.34009546,-0.222866254,0.164446876,5.97476097,8.278258818,
01 February 2021,0.46939876,,,,,,,
03 February 2021,0.46035725,,,,,,,
04 February 2021,0.432650826,,,,,,,
05 February 2021,0.487904938,,0.398827917,-0.30516565,0.129366091,5.03497398,8.202852766,22.85001133
06 February 2021,0.511151181,,,,,,,
07 February 2021,0.407598186,,,,,,,
08 February 2021,0.574253927,,,,,,,
09 February 2021,0.415061002,,,,,,,
10 February 2021,0.434864911,,0.174247101,-0.132354495,0.183772815,3.803479104,7.862174406,
11 February 2021,0.43223368,,,,,,,
13 February 2021,0.420245892,,,,,,,
14 February 2021,0.458844075,,,,,,,
15 February 2021,0.443255849,,0.44174374,-0.3044928,0.128199258,3.330438767,8.153297348,
17 February 2021,0.454528602,,,,,,,
18 February 2021,0.500019345,,,,,,,
20 February 2021,0.471705238,,0.376864219,-0.208825938,0.154932871,4.221355316,8.113699176,
21 February 2021,0.436849997,,,,,,,20.89198319
22 February 2021,0.453592517,,,,,,,
23 February 2021,0.495255151,,,,,,,
24 February 2021,0.452887617,,,,,,,
25 February 2021,0.41671856,,0.371139202,-0.243069634,0.14075215,3.206807775,8.149529531,
26 February 2021,0.488724095,,,,,,,
27 February 2021,0.506236938,,,,,,,
28 February 2021,0.431681809,,,,,,,
01 March 2021,0.488598885,0.418701775,,,,,,
02 March 2021,0.557300117,0.479009636,0.4451396,-0.280166054,0.144513123,3.804616154,8.127927962,
03 March 2021,0.484895358,0.416220066,,,,,,
04 March 2021,0.456487146,0.365948249,,,,,,
06 March 2021,0.553828289,0.488261553,,,,,,
07 March 2021,0.558985517,0.483943377,0.43002608,-0.27903126,0.121621543,3.53747042,8.226566733,
08 March 2021,0.510596523,0.439249856,,,,,,
09 March 2021,0.475654481,0.411850536,,,,,,23.63779709
10 March 2021,0.48988276,0.408421055,,,,,,
12 March 2021,0.527937435,0.465691885,,,,,,
12 March 2021,0.527937435,0.456420737,,,,,,
13 March 2021,0.593966626,0.634387658,,,,,,
14 March 2021,0.578169819,0.601202713,,,,,,
16 March 2021,0.516772734,0.463825528,,,,,,
17 March 2021,0.48880785,0.430510539,0.503546507,-0.305841452,0.140499247,4.371796024,8.198285319,
19 March 2021,0.513452087,0.470428323,,,,,,
20 March 2021,0.500624247,0.435596331,,,,,,
21 March 2021,0.483165495,0.409149212,,,,,,
22 March 2021,0.517644973,0.450343403,,,,,,
23 March 2021,0.486531531,0.424027022,,,,,,
24 March 2021,0.477053219,0.396518336,,,,,,
25 March 2021,0.507983848,0.433641083,,,,,,27.89176546
26 March 2021,0.533515477,0.466232246,,,,,,
27 March 2021,0.4891568,0.412760127,0.193978355,-0.095144422,0.178934689,3.115316057,7.849886393,
29 March 2021,0.519672932,0.45619371,,,,,,
30 March 2021,0.505643263,0.437419416,,,,,,
31 March 2021,0.565468112,0.507507225,,,,,,
01 April 2021,0.578101026,0.581807819,0.388660095,-0.202427509,0.173699046,3.711888026,8.068535413,
02 April 2021,0.489749293,0.422010534,,,,,,
03 April 2021,0.539740799,0.486973365,,,,,,
04 April 2021,0.498737164,0.441852028,,,,,,
05 April 2021,0.520900614,0.482182676,,,,,,
06 April 2021,0.525711167,0.457546267,0.353692543,-0.179225043,0.149392888,2.696555101,8.147370776,
08 April 2021,0.465327205,0.470766862,,,,,,
09 April 2021,0.538271149,0.5004838,,,,,,
10 April 2021,0.538940278,0.479023019,,,,,,27.19359604
12 April 2021,0.510664023,0.452916877,,,,,,
13 April 2021,0.491358457,0.430461373,,,,,,
15 April 2021,0.588789629,0.602336468,,,,,,
16 April 2021,0.491749505,0.427349104,0.164345642,-0.077162801,0.168615239,3.411835354,7.932349858,
17 April 2021,0.516950939,0.458781452,,,,,,
18 April 2021,0.576951712,0.600827666,,,,,,
19 April 2021,0.548447051,0.52279051,,,,,,
20 April 2021,0.505204822,0.440766358,,,,,,
21 April 2021,0.5593676,0.516718739,,,,,,
22 April 2021,0.584883491,0.548806876,,,,,,
23 April 2021,0.604921254,0.548661391,,,,,,
25 April 2021,0.534991635,0.482379878,,,,,,
26 April 2021,0.554392026,0.521477054,0.216360128,-0.084328105,0.167404251,3.44736997,8.00220946,31.48688466
27 April 2021,0.577609081,0.539072687,,,,,,
28 April 2021,0.719998607,0.921273222,,,,,,
29 April 2021,0.492475683,0.450005983,,,,,,
30 April 2021,0.542359038,0.48447005,,,,,,
01 May 2021,0.515226354,0.468131252,,,,,,
02 May 2021,0.659408623,0.724531815,,,,,,
03 May 2021,0.538173649,0.484408305,,,,,,
05 May 2021,0.543504298,0.524748409,,,,,,
06 May 2021,0.571566794,0.559538484,0.384574901,-0.209049852,0.167828006,1.633013759,8.094981267,
07 May 2021,0.526446251,0.451619791,,,,,,
09 May 2021,0.506486124,,,,,,,
10 May 2021,0.503764513,0.45529726,,,,,,
12 May 2021,0.645888145,0.736252476,,,,,,32.59363845
13 May 2021,0.494511154,,,,,,,
14 May 2021,0.525163368,0.479217394,,,,,,
15 May 2021,0.620796526,,,,,,,
16 May 2021,0.583903816,0.579349342,0.374312659,-0.215858737,0.159137373,2.513687295,8.123806297,
17 May 2021,0.498772702,0.4296043,,,,,,
18 May 2021,0.567413565,0.530246435,,,,,,
19 May 2021,0.577267006,0.521185608,,,,,,
20 May 2021,0.561231373,0.49485262,,,,,,
22 May 2021,0.525845538,0.471648348,,,,,,
23 May 2021,0.591070938,0.638599283,,,,,,
24 May 2021,0.509835721,0.575874552,,,,,,
25 May 2021,0.588081788,0.598949039,,,,,,
26 May 2021,0.520294966,0.479832074,0.280015653,-0.137352254,0.166258771,1.221451575,8.112240092,
27 May 2021,0.538551294,0.48012615,,,,,,
28 May 2021,0.531528554,0.483282471,,,,,,32.30660112
29 May 2021,0.58892438,0.59546692,,,,,,
30 May 2021,0.545437532,0.483699056,,,,,,
01 June 2021,0.54459239,0.469084395,,,,,,
02 June 2021,0.573083898,0.567611655,,,,,,
03 June 2021,0.527410394,0.457266089,,,,,,
05 June 2021,0.498723087,0.437012907,,,,,,
06 June 2021,0.574736418,0.57861396,,,,,,
08 June 2021,0.601184117,0.603482537,,,,,,
09 June 2021,0.556521507,0.535727515,,,,,,
10 June 2021,0.552188071,,,,,,,
11 June 2021,0.574226345,0.528393435,,,,,,
12 June 2021,0.58015664,0.575680103,,,,,,
13 June 2021,0.502357249,0.436670498,,,,,,34.53963137
14 June 2021,0.535356407,,,,,,,
15 June 2021,0.594250686,0.624013829,,,,,,
16 June 2021,0.558285666,0.432354376,,,,,,
18 June 2021,0.541085935,0.495235996,,,,,,
19 June 2021,0.594507413,0.636152346,,,,,,
20 June 2021,0.584757448,0.596104162,,,,,,
21 June 2021,0.548263016,0.525902856,,,,,,
22 June 2021,0.600054629,0.64770408,,,,,,
23 June 2021,0.505475788,0.452440842,,,,,,
24 June 2021,0.567656657,0.567636251,,,,,,
25 June 2021,0.586030407,0.604574313,,,,,,
26 June 2021,0.567790629,0.571496288,,,,,,
28 June 2021,0.502191174,0.465277323,,,,,,
29 June 2021,0.529781528,0.490061146,,,,,,32.08731705
01 July 2021,0.46273444,0.395605554,,,,,,
02 July 2021,0.548568105,0.320308484,,,,,,
02 July 2021,0.548568105,0.525563436,,,,,,
03 July 2021,0.553628536,0.5403037,,,,,,
05 July 2021,0.578237626,0.578343647,0.263345021,-0.118396837,0.1780827,2.169203164,8.072280457,
06 July 2021,0.58065588,0.597515263,,,,,,
07 July 2021,0.560693836,0.535666088,,,,,,
08 July 2021,0.54311505,0.484555385,,,,,,
09 July 2021,0.588694982,0.625103543,,,,,,
10 July 2021,0.496345042,0.426472437,,,,,,
11 July 2021,0.56333554,0.55658242,,,,,,
12 July 2021,0.581265148,0.599775082,,,,,,
13 July 2021,0.53871611,0.525359863,,,,,,
15 July 2021,0.488614934,,,,,,,31.61284213
16 July 2021,0.553408696,0.549159133,,,,,,
17 July 2021,0.598150488,0.63862085,,,,,,
18 July 2021,0.616236847,0.65836411,,,,,,
19 July 2021,0.57899753,0.60035534,,,,,,
20 July 2021,0.495264244,0.423171048,,,,,,
21 July 2021,0.585280717,0.616005537,,,,,,
22 July 2021,0.588276415,0.612774508,,,,,,
23 July 2021,0.580574596,,,,,,,
25 July 2021,0.590005728,0.622847163,,,,,,
26 July 2021,0.588370899,,,,,,,
27 July 2021,0.590730535,0.629943312,,,,,,
29 July 2021,0.593023094,0.621029309,,,,,,
30 July 2021,0.587518859,0.620555242,,,,,,
01 August 2021,0.591876197,,,,,,,
02 August 2021,0.583618303,0.617923639,,,,,,
03 August 2021,0.587343262,0.620219784,,,,,,
04 August 2021,0.593995523,0.625584034,,,,,,
05 August 2021,0.587986003,,,,,,,
06 August 2021,0.582829146,0.610442005,,,,,,
07 August 2021,0.584697905,0.620566982,,,,,,
08 August 2021,0.583737199,0.616980019,,,,,,
09 August 2021,0.573097622,0.588118654,,,,,,
11 August 2021,0.589183301,0.618734557,,,,,,
12 August 2021,0.598772333,0.638372279,,,,,,
13 August 2021,0.513641509,0.464020135,,,,,,
14 August 2021,0.520569159,0.47529378,,,,,,
15 August 2021,0.556712323,0.556803242,,,,,,
16 August 2021,0.481400116,0.412944708,,,,,,6.55635525
17 August 2021,0.471908856,0.402080243,,,,,,
18 August 2021,0.555859807,0.547073525,,,,,,
19 August 2021,0.556036881,0.554551424,,,,,,
21 August 2021,0.59917108,0.649122995,,,,,,
22 August 2021,0.59673981,0.631460211,,,,,,
23 August 2021,0.602068174,0.657485169,,,,,,
25 August 2021,0.603830547,0.65118243,,,,,,
26 August 2021,0.602023644,0.647678694,,,,,,
28 August 2021,0.601225961,0.652480021,,,,,,
29 August 2021,0.597840377,0.645830672,,,,,,
30 August 2021,0.489214777,0.436770226,,,,,,
31 August 2021,0.596879605,0.628940677,,,,,,
01 September 2021,0.595460186,0.634885536,,,,,,
02 September 2021,0.592120351,0.62936891,,,,,,
03 September 2021,0.588985165,0.620226725,,,,,,
04 September 2021,0.594948674,0.631113829,,,,,,
05 September 2021,0.51390058,0.639463985,,,,,,
07 September 2021,0.502172329,0.453697068,,,,,,
08 September 2021,0.547986561,0.536799898,,,,,,
09 September 2021,0.563767168,0.443125722,,,,,,
10 September 2021,0.585885814,0.626911785,,,,,,
11 September 2021,0.587675449,0.632680202,,,,,,
12 September 2021,0.580931722,0.620138776,,,,,,
13 September 2021,0.52214054,0.492123527,,,,,,
14 September 2021,0.590769415,0.620393478,,,,,,
15 September 2021,0.602725154,0.652929674,,,,,,
17 September 2021,0.545112621,0.525352401,,,,,,
18 September 2021,0.586152398,0.603861213,,,,,,
19 September 2021,0.577882521,0.603179666,,,,,,
21 September 2021,0.602430564,0.654884889,,,,,,
24 September 2021,0.563032125,0.57843778,,,,,,
25 September 2021,0.586271507,0.61660406,,,,,,
26 September 2021,0.599610136,0.647646823,,,,,,
27 September 2021,0.55014159,0.529426482,,,,,,
28 September 2021,0.501156213,0.46083836,,,,,,
29 September 2021,0.585229146,0.616102797,,,,,,
30 September 2021,0.420083357,0.331733507,,,,,,
01 October 2021,0.512577193,0.458981469,,,,,,
02 October 2021,0.492213275,0.44387715,,,,,,
04 October 2021,0.440285105,0.358695997,,,,,,
05 October 2021,0.418276967,0.339076967,,,,,,
06 October 2021,0.419362131,0.403868185,,,,,,
07 October 2021,0.444267635,0.394035695,,,,,,
08 October 2021,0.424247774,0.353800569,,,,,,
09 October 2021,0.427211529,0.337566775,,,,,,
10 October 2021,0.434806143,0.361268925,,,,,,
11 October 2021,0.450891788,0.382997303,,,,,,
14 October 2021,0.438916776,0.34877305,,,,,,
16 October 2021,0.444998665,0.354443451,,,,,,
19 October 2021,0.441764751,0.364648274,,,,,,33.21975802
23 October 2021,0.44263286,0.365521334,0.254761202,-0.245139182,0.250242479,4.214840372,8.065589708,
24 October 2021,0.447021611,0.384187225,,,,,,
25 October 2021,0.429571783,0.356945137,,,,,,
26 October 2021,0.427239058,0.341093941,,,,,,
29 October 2021,0.448440368,0.391539932,,,,,,
31 October 2021,0.447371835,0.360121915,,,,,,
01 November 2021,0.436810878,0.352858076,,,,,,
02 November 2021,0.426343507,0.33631994,0.214573361,-0.1908195,0.250592466,2.344601892,8.108567001,
03 November 2021,0.438021518,0.372837155,,,,,,
04 November 2021,0.417325715,0.332668583,,,,,,23.74172681
05 November 2021,0.429728379,0.341959488,,,,,,
06 November 2021,0.431951657,0.353077617,,,,,,
07 November 2021,0.434577673,0.361715506,0.236392022,-0.221078561,0.271471104,3.376425189,8.057160926,
08 November 2021,0.430875786,0.339241375,,,,,,
10 November 2021,0.420986178,0.368591461,,,,,,
11 November 2021,0.46109764,0.398941728,,,,,,
12 November 2021,0.442667386,0.363671624,0.041764135,-0.057035188,-0.01782608,24.02398909,7.403000643,
14 November 2021,0.442091632,0.514071684,,,,,,
15 November 2021,0.435145804,0.359597694,,,,,,
17 November 2021,0.471631102,0.414314669,,,,,,
18 November 2021,0.424975754,0.340235931,,,,,,
19 November 2021,0.583358755,0.59758117,,,,,,
20 November 2021,0.481077043,0.412222522,,,,,,23.81042
21 November 2021,0.475774616,0.416346904,,,,,,
22 November 2021,0.491726334,0.436877972,,,,,,
23 November 2021,0.453225451,0.371193379,,,,,,
24 November 2021,0.469364671,0.387152564,,,,,,
25 November 2021,0.472965863,0.338064914,,,,,,
27 November 2021,0.444527334,0.353756653,0.176195943,-0.184946037,0.255707314,5.465657352,8.002175375,
28 November 2021,0.410815244,0.322165023,,,,,,
29 November 2021,0.430265273,0.337286958,,,,,,
30 November 2021,0.471096715,0.408084383,,,,,,
01 December 2021,0.556069055,0.558850177,,,,,,
02 December 2021,0.447500611,0.358678863,,,,,,
03 December 2021,0.579405585,0.619760394,,,,,,
04 December 2021,0.487700621,0.437389872,,,,,,
05 December 2021,0.470160089,0.407558039,,,,,,
07 December 2021,0.415580425,0.379366031,0.196706797,-0.209896968,0.209857811,6.2912841,7.891162779,
08 December 2021,0.476629247,0.419683192,,,,,,
09 December 2021,0.447611329,0.376861466,,,,,,
11 December 2021,0.443015338,0.346459749,,,,,,
12 December 2021,0.430600199,0.346725901,0.087443554,-0.108710219,0.259110942,2.566016455,7.707359992,
14 December 2021,0.480936152,0.428680893,,,,,,
15 December 2021,0.413626359,0.326589166,,,,,,
16 December 2021,0.497413008,0.449858645,,,,,,
17 December 2021,0.558950788,0.559599071,,,,,,
18 December 2021,0.503665736,0.463248778,,,,,,
19 December 2021,0.441117249,0.364356785,,,,,,
20 December 2021,0.425399673,0.327573917,,,,,,
21 December 2021,0.46883105,0.393097151,,,,,,
22 December 2021,0.400009742,0.379363729,0.194974578,-0.175321705,0.233206911,7.42352382,7.904004148,23.96363691
24 December 2021,0.42784289,0.335158406,,,,,,
25 December 2021,0.409149116,0.31543863,,,,,,
26 December 2021,0.439076529,0.348174312,,,,,,
27 December 2021,0.458260134,0.399016729,0.291824089,-0.252922933,0.1891377,8.322028236,7.893609402,
28 December 2021,0.418361811,0.339045772,,,,,,
29 December 2021,0.429331411,0.343948965,,,,,,
30 December 2021,0.547778529,0.55053692,,,,,,
03 January 2022,0.549142987,0.537265119,,,,,,
04 January 2022,0.423396451,0.337057334,,,,,,
05 January 2022,0.402074188,0.306168639,,,,,,
07 January 2022,0.396289887,0.299429867,,,,,,21.45760424
08 January 2022,0.571310011,0.589321637,,,,,,
09 January 2022,,,,,,,,
10 January 2022,0.577893655,0.608236275,,,,,,
11 January 2022,0.45916506,0.397593841,,,,,,
12 January 2022,0.559699635,0.555689656,,,,,,
13 January 2022,0.443600384,0.340919924,,,,,,
14 January 2022,0.438398152,0.358614858,,,,,,
15 January 2022,0.411677134,0.328055908,,,,,,
16 January 2022,0.513197487,0.480180745,,,,,,
17 January 2022,0.456480376,0.376786428,,,,,,
18 January 2022,0.48127896,0.575604667,,,,,,
20 January 2022,0.422956847,0.325065139,,,,,,
21 January 2022,0.398041674,0.306914391,0.309658365,-0.243828044,0.171781473,7.837718246,8.031051165,
22 January 2022,0.413487087,0.317883475,,,,,,
23 January 2022,0.553058866,0.552930576,,,,,,-15.29246416
24 January 2022,0.442958042,0.360959623,,,,,,
25 January 2022,0.473795986,0.405776576,,,,,,
26 January 2022,0.446990259,0.368012174,0.374689602,-0.269818413,0.176575018,8.566512116,8.00792298,
27 January 2022,0.418086777,0.326825363,,,,,,
28 January 2022,0.410099732,0.30860401,,,,,,
30 January 2022,0.377742679,0.302900636,,,,,,
31 January 2022,0.431029008,0.354356612,0.108430288,-0.068979063,0.048370476,5.360835005,7.783439553,
01 February 2022,0.411601925,0.312225471,,,,,,
02 February 2022,,,,,,,,
03 February 2022,0.424095278,0.316664177,,,,,,
04 February 2022,0.429596875,0.346321413,,,,,,
06 February 2022,0.467767717,0.401574934,,,,,,
07 February 2022,0.429862205,0.341600152,,,,,,
08 February 2022,0.444586096,0.362287115,,,,,,18.1851253
09 February 2022,0.494633135,0.405157918,,,,,,
10 February 2022,0.470546141,0.403975131,0.056708458,-0.057131257,0.050868577,5.179055805,7.841157505,
11 February 2022,0.442176323,0.35400133,,,,,,
12 February 2022,0.456603573,0.36557954,,,,,,
13 February 2022,0.467416746,0.383986498,,,,,,
14 February 2022,0.40885995,0.312001078,,,,,,
16 February 2022,0.491876329,0.431433277,,,,,,
17 February 2022,0.433309049,0.345575724,,,,,,
18 February 2022,0.44165024,0.3921474,,,,,,
19 February 2022,0.563493768,0.558349664,,,,,,
20 February 2022,0.548118135,0.545283168,0.033792053,-0.047803384,0.099552017,1.205571374,7.623260985,
21 February 2022,0.559952267,0.560771834,,,,,,
22 February 2022,0.418524919,0.319871333,,,,,,
23 February 2022,0.435486383,0.346937123,,,,,,
24 February 2022,0.442831367,0.347157325,,,,,,20.69472376
25 February 2022,,,,,,,,
26 February 2022,0.427284499,0.319254008,,,,,,
27 February 2022,0.462015373,0.37720674,,,,,,
28 February 2022,0.450667378,0.358316465,,,,,,
02 March 2022,0.428250593,0.365652164,0.119027659,-0.041308795,0.054145907,5.760649432,7.829329961,
03 March 2022,0.429580566,0.334526076,,,,,,
06 March 2022,0.447834954,0.362805879,,,,,,
07 March 2022,0.448998323,0.35488707,,,,,,
08 March 2022,0.517870045,0.436312409,,,,,,
09 March 2022,0.529030054,0.490328252,,,,,,
10 March 2022,0.464366271,0.38561344,,,,,,
11 March 2022,0.494213584,0.413814923,,,,,,
12 March 2022,0.506020484,0.424638134,0.123770695,-0.046065727,0.055198472,6.170114255,7.894680458,24.53197633
13 March 2022,0.505096133,0.366340979,,,,,,
15 March 2022,0.497056651,0.419678642,,,,,,
16 March 2022,0.472270357,0.387962192,,,,,,
17 March 2022,0.492258197,0.46928844,0.146863083,-0.096765693,0.068042888,0.441002749,7.962654091,
18 March 2022,0.549299153,0.52359796,,,,,,
19 March 2022,0.450168757,0.374428874,,,,,,
20 March 2022,0.497437922,0.417674772,,,,,,
21 March 2022,0.475250877,0.408527875,,,,,,
22 March 2022,0.509965878,0.453464698,0.116786193,-0.064211921,0.061052553,5.710451969,7.939582683,
23 March 2022,0.523536487,0.46720788,,,,,,
25 March 2022,0.522907746,0.401681882,,,,,,
26 March 2022,0.524671866,0.477060935,,,,,,
29 March 2022,0.496678989,0.4076812,,,,,,
30 March 2022,0.478882091,0.414956663,,,,,,
01 April 2022,0.581222193,0.584216016,0.128417506,-0.076621129,0.072114422,4.48078262,7.858017784,
02 April 2022,0.466771152,0.388940281,,,,,,
03 April 2022,0.492784982,0.439043293,,,,,,
04 April 2022,0.592498548,0.550457874,,,,,,
05 April 2022,0.503982428,0.461229697,,,,,,
06 April 2022,0.4942817,0.429314426,0.175925961,-0.083798765,0.080279365,6.09465669,7.903755829,
07 April 2022,0.535706762,0.486742665,,,,,,
08 April 2022,0.581147693,0.53682586,,,,,,
09 April 2022,0.500815339,0.51909148,,,,,,
11 April 2022,0.543382681,0.495221942,,,,,,
12 April 2022,0.521890339,0.46870886,,,,,,
13 April 2022,0.581878433,0.545200349,,,,,,29.50114245
14 April 2022,0.616435381,0.638312883,,,,,,
15 April 2022,0.509510185,0.465190201,,,,,,
16 April 2022,0.552324054,0.52492802,0.161846777,-0.106450671,0.071171949,4.322567012,7.873103882,
17 April 2022,0.528158038,0.489829131,,,,,,
18 April 2022,0.611957661,0.654525321,,,,,,
19 April 2022,0.554368221,0.503659024,,,,,,
21 April 2022,0.521684354,0.473131632,,,,,,
22 April 2022,0.592342625,0.628528063,,,,,,
23 April 2022,0.578172849,0.604484944,,,,,,
25 April 2022,0.498347272,0.43819604,,,,,,
26 April 2022,0.510521875,0.478237695,0.128290347,-0.0566585,0.080977171,3.370636132,7.889238385,
29 April 2022,0.473588261,0.409986016,,,,,,28.05255902
30 April 2022,0.524460531,0.482783712,,,,,,
01 May 2022,0.620623533,0.609107436,0.156204433,-0.074160902,0.082688111,2.84479288,7.865432842,
02 May 2022,0.607906258,0.634766754,,,,,,
03 May 2022,0.496620296,0.430249376,,,,,,
04 May 2022,0.564619044,0.533889439,,,,,,
05 May 2022,0.604378494,0.577454411,,,,,,
06 May 2022,0.498973166,0.432502565,0.134010364,-0.048601943,0.094815136,4.937293699,7.839946019,
08 May 2022,0.558966458,0.536426665,,,,,,
09 May 2022,0.547626011,0.509675904,,,,,,
10 May 2022,0.543130076,0.494997027,,,,,,
11 May 2022,0.691907382,0.856664496,0.200361918,-0.089982242,0.087413547,3.914554951,7.957982691,
12 May 2022,0.549514759,0.541437622,,,,,,
13 May 2022,0.55599171,0.518243291,,,,,,
14 May 2022,0.548252076,0.528121826,,,,,,
15 May 2022,0.600639803,0.645215302,,,,,,32.78440266
16 May 2022,0.556746347,0.512133916,0.248797511,-0.114154985,0.099575294,5.800142577,7.994211799,
18 May 2022,0.568258904,0.561827081,,,,,,
19 May 2022,0.574000028,0.582130461,,,,,,
20 May 2022,0.554470593,0.511490042,,,,,,
22 May 2022,0.52738386,0.494265284,,,,,,
23 May 2022,0.547132159,0.539343601,,,,,,
25 May 2022,0.597670596,0.629394579,,,,,,
26 May 2022,0.517595493,0.473868741,0.178402382,-0.077084415,0.102806076,4.102148277,7.944581134,
27 May 2022,0.537284757,0.5140441,,,,,,
28 May 2022,0.594187211,0.582538464,,,,,,
29 May 2022,0.581986379,0.596816486,,,,,,
30 May 2022,0.503465055,0.446487019,,,,,,
31 May 2022,0.57140487,0.554631267,0.169318015,-0.071436805,0.09114803,3.258134775,7.946786318,24.31457216
01 June 2022,0.589684493,0.565050213,,,,,,
02 June 2022,0.582693943,0.486849763,,,,,,
04 June 2022,0.557722172,0.527193934,,,,,,
05 June 2022,0.564433521,0.543807164,,,,,,
06 June 2022,0.588512977,0.565044335,,,,,,
07 June 2022,0.603900648,0.645424463,,,,,,
08 June 2022,0.495590673,0.46000026,,,,,,
09 June 2022,0.561220853,0.518263188,,,,,,
10 June 2022,0.534028283,0.503616511,,,,,,
11 June 2022,0.599972954,0.642422083,,,,,,
12 June 2022,0.564297052,0.519515891,,,,,,
14 June 2022,0.525645879,0.450450923,,,,,,
15 June 2022,0.572823534,0.586251592,,,,,,
16 June 2022,0.543400222,0.474296511,,,,,,22.62461304
18 June 2022,0.528038895,0.459397233,,,,,,
19 June 2022,0.530914896,0.498759523,,,,,,
21 June 2022,0.561058699,0.559596863,,,,,,
22 June 2022,0.553565082,0.536573602,,,,,,
23 June 2022,0.49165275,0.450871533,,,,,,
24 June 2022,0.555308312,0.506870168,,,,,,
25 June 2022,0.555059858,0.542942438,,,,,,
26 June 2022,0.474082536,0.409791984,,,,,,
27 June 2022,0.58530397,0.61097002,,,,,,
28 June 2022,0.548951158,0.500643177,,,,,,
29 June 2022,0.5735343,0.478917175,,,,,,
01 July 2022,0.437623867,,,,,,,
02 July 2022,0.403018167,,,,,,,
03 July 2022,0.487093767,,,,,,,
04 July 2022,0.595304486,,,,,,,
06 July 2022,0.572200931,,,,,,,
07 July 2022,0.596106803,,,,,,,
08 July 2022,0.586001684,,,,,,,
09 July 2022,0.579412527,,,,,,,
11 July 2022,0.595757139,,,,,,,
12 July 2022,0.55217296,,,,,,,
13 July 2022,0.58417062,,,,,,,
15 July 2022,0.457610462,,,,,,,
16 July 2022,0.591376147,,,,,,,
18 July 2022,0.569157582,,,,,,,
19 July 2022,0.589117916,,,,,,,
20 July 2022,0.590739821,,,,,,,
21 July 2022,0.592512918,,,,,,,
22 July 2022,0.591013806,,,,,,,
23 July 2022,0.586275369,,,,,,,
24 July 2022,0.593883562,,,,,,,
25 July 2022,0.590688761,,,,,,,
26 July 2022,0.582946467,,,,,,,
28 July 2022,0.593442844,,,,,,,
29 July 2022,0.586917861,,,,,,,
30 July 2022,0.58535625,,,,,,,
31 July 2022,0.536773925,,,,,,,
01 August 2022,0.541488427,,,,,,,
02 August 2022,0.582962739,,,,,,,
03 August 2022,0.538724831,,,,,,,39.08067317
04 August 2022,0.564666404,,,,,,,
05 August 2022,0.551085875,,,,,,,
07 August 2022,0.497011849,,,,,,,
08 August 2022,0.579607598,,,,,,,
09 August 2022,0.572784391,,,,,,,
11 August 2022,0.604176778,,,,,,,
12 August 2022,0.584012875,,,,,,,
14 August 2022,0.585154692,,,,,,,
15 August 2022,0.592155487,,,,,,,
16 August 2022,0.622403543,,,,,,,
17 August 2022,0.594421281,,,,,,,
18 August 2022,0.597135544,,,,,,,
19 August 2022,0.57948753,,,,,,,
20 August 2022,0.569572444,,,,,,,
21 August 2022,0.610506173,,,,,,,
22 August 2022,0.585341739,,,,,,,
24 August 2022,0.581993323,,,,,,,
25 August 2022,0.58019508,,,,,,,
26 August 2022,0.580884698,,,,,,,
27 August 2022,0.585032976,,,,,,,
28 August 2022,0.500494644,,,,,,,
29 August 2022,0.559628813,,,,,,,
30 August 2022,0.581979753,,,,,,,
31 August 2022,0.558617882,,,,,,,
01 September 2022,0.580521276,,,,,,,
03 September 2022,0.562211649,,,,,,,
04 September 2022,0.446208848,,,,,,,-123.1485201
05 September 2022,0.428441195,,,,,,,
07 September 2022,0.57724349,,,,,,,
08 September 2022,0.503143486,,,,,,,
10 September 2022,0.54883598,,,,,,,
11 September 2022,0.492133245,,,,,,,
12 September 2022,0.564799622,,,,,,,
13 September 2022,0.496875549,,,,,,,
14 September 2022,0.563232069,,,,,,,
15 September 2022,0.568779853,,,,,,,
16 September 2022,0.583604372,,,,,,,
17 September 2022,0.578718727,,,,,,,
18 September 2022,0.577396426,,,,,,,
20 September 2022,0.452964388,,,,,,,28.04174285
21 September 2022,0.444201692,,,,,,,
22 September 2022,0.501576259,,,,,,,
23 September 2022,0.584520072,,,,,,,
24 September 2022,0.586729453,,,,,,,
25 September 2022,0.583846354,,,,,,,
26 September 2022,0.487908228,,,,,,,
27 September 2022,0.454541561,,,,,,,
28 September 2022,0.495622368,,,,,,,
30 September 2022,0.42683571,,,,,,,
01 October 2022,0.463137289,,,,,,,
02 October 2022,0.440629084,,,,,,,
04 October 2022,0.437836095,,,,,,,
05 October 2022,0.478542962,,,,,,,
07 October 2022,0.52530104,,,,,,,
08 October 2022,0.575636983,,,,,,,
09 October 2022,0.462381735,,,,,,,
10 October 2022,0.585866672,,,,,,,
11 October 2022,0.596413598,,,,,,,
12 October 2022,0.580368778,,,,,,,
13 October 2022,0.472075547,,0.1058934,-0.085926472,0.095288441,2.927864926,7.854174271,
14 October 2022,0.455969635,,,,,,,
15 October 2022,0.465126811,,,,,,,
17 October 2022,0.42891594,,,,,,,
18 October 2022,0.405837611,,0.13341328,-0.101772265,0.101289418,1.678641104,7.916014227,
19 October 2022,0.473624007,,,,,,,
20 October 2022,0.420244879,,,,,,,
21 October 2022,0.413845801,,,,,,,
22 October 2022,0.420404524,,,,,,,28.9444667
23 October 2022,0.428828399,,0.175859396,-0.10953194,0.112790624,1.60303362,7.891357485,
24 October 2022,0.436337101,,,,,,,
25 October 2022,0.440363355,,,,,,,
27 October 2022,0.420086169,,,,,,,
28 October 2022,0.433378319,,0.14861541,-0.100334405,0.098337176,0.847967871,7.884855371,
29 October 2022,0.440359295,,,,,,,
31 October 2022,0.442594788,,,,,,,
01 November 2022,0.439240677,,,,,,,
03 November 2022,0.467942171,,,,,,,
04 November 2022,0.421567956,,,,,,,
05 November 2022,0.448060721,,,,,,,
06 November 2022,0.49816924,,,,,,,
07 November 2022,0.466071958,,0.160397803,-0.112177458,0.093044614,2.088929852,7.842425089,30.30854114
08 November 2022,0.459302995,,,,,,,
09 November 2022,0.476331422,,,,,,,
10 November 2022,0.496459627,,,,,,,
11 November 2022,0.464642258,,,,,,,
13 November 2022,0.469643208,,,,,,,
14 November 2022,0.451496912,,,,,,,
15 November 2022,0.496098666,,,,,,,
16 November 2022,0.453172353,,,,,,,
17 November 2022,0.436181224,,0.127598335,-0.11848913,0.09640407,0.56843026,7.707323269,
18 November 2022,0.440604997,,,,,,,
19 November 2022,0.427373281,,,,,,,
20 November 2022,0.430688224,,,,,,,
21 November 2022,0.433613124,,,,,,,
23 November 2022,0.411786471,,,,,,,28.13281418
24 November 2022,0.435110041,,,,,,,
25 November 2022,0.440382572,,,,,,,
27 November 2022,0.400086345,,0.155955524,-0.115885388,0.080303089,2.158885906,7.7820769,
28 November 2022,0.420571756,,,,,,,
30 November 2022,0.464509726,,,,,,,
01 December 2022,0.420398157,,,,,,,
02 December 2022,0.475157867,,0.219336599,-0.129649083,0.082386204,3.641117972,7.778258093,
03 December 2022,0.482213038,,,,,,,
04 December 2022,0.467499615,,,,,,,
05 December 2022,0.422752079,,,,,,,
06 December 2022,0.470278301,,,,,,,
07 December 2022,0.479097014,,0.151733758,-0.112011117,0.075465624,3.883871104,7.822360843,
08 December 2022,0.454856349,,,,,,,
10 December 2022,0.439944824,,,,,,,
11 December 2022,0.418069344,,,,,,,
12 December 2022,0.429274318,,,,,,,
13 December 2022,0.59581389,,,,,,,
14 December 2022,0.582724207,,,,,,,
15 December 2022,0.553665426,,,,,,,
16 December 2022,0.433261165,,,,,,,
17 December 2022,0.434820481,,0.131613245,-0.099043707,0.082740326,3.682142635,7.840243537,
18 December 2022,0.42235432,,,,,,,
20 December 2022,0.410143041,,,,,,,
21 December 2022,0.42080108,,,,,,,
22 December 2022,0.420273171,,0.242890262,-0.142552661,0.085847235,4.768297942,7.793080263,
24 December 2022,0.414528628,,,,,,,
25 December 2022,0.441012889,,,,,,,21.32471145
27 December 2022,0.508800617,,0.20493766,-0.134618197,0.079732478,3.719895483,7.793855612,
28 December 2022,0.424783099,,,,,,,
29 December 2022,0.413495244,,,,,,,
30 December 2022,0.476573326,,,,,,,
