date,Suspended Matter,Dissolved Organic Matter,Chlorophyll,Turbidity,Salinty,pH,Temperature,Dissolved Oxygen
02-Jan-18,0.598896307,0.559755881,,,,,,
03-Jan-18,0.617666523,0.550452962,,,,,,
06-Jan-18,0.547938494,0.475668411,,,,,,
07-Jan-18,0.595859878,0.522745538,,,,,,
10-Jan-18,0.564150634,0.46882244,,,,,,
11-Jan-18,0.617603573,0.54903075,,,,,,
14-Jan-18,0.560074281,0.467478188,,,,,,
15-Jan-18,0.609497849,0.540162242,,,,,,
18-Jan-18,0.578638471,0.477971125,,,,,,
19-Jan-18,0.62712249,0.564617901,,,,,,
22-Jan-18,0.55345319,0.464126805,,,,,,
23-Jan-18,0.607563968,0.531599221,,,,,,
25-Jan-18,0.569622565,0.456538655,,,,,,
26-Jan-18,0.609641386,0.550831341,,,,,,
29-Jan-18,0.55681501,0.479004178,,,,,,
30-Jan-18,0.617657606,0.561444101,,,,,,
02-Feb-18,0.563326713,0.478494909,,,,,,
03-Feb-18,0.623669855,0.553531731,,,,,,
06-Feb-18,0.576098011,0.483156523,,,,,,
07-Feb-18,0.583943365,0.509115845,,,,,,
10-Feb-18,0.631195839,0.58396886,,,,,,
11-Feb-18,0.624787724,0.562100492,,,,,,
14-Feb-18,0.572118456,0.473428433,,,,,,
15-Feb-18,0.598842048,0.538457574,,,,,,
18-Feb-18,0.551639423,0.458832814,,,,,,
19-Feb-18,0.603619901,0.54134631,,,,,,
21-Feb-18,0.573740195,0.482907898,,,,,,
22-Feb-18,0.65305735,0.621680451,,,,,,
25-Feb-18,0.579955397,0.51786322,,,,,,
26-Feb-18,0.586654166,0.519315075,,,,,,
01-Mar-18,0.589783675,0.520462298,,,,,19.4781342,
02-Mar-18,0.61203643,0.559991888,,,,,,
05-Mar-18,0.586666045,0.503559658,,,,,,
06-Mar-18,0.623871721,0.578720118,,,,,,
09-Mar-18,0.583343976,0.511602457,,,,,,
10-Mar-18,0.601381164,0.528088521,,,,,,
13-Mar-18,0.559760865,0.463979104,,,,,,
14-Mar-18,0.62451697,0.576454838,,,,,,
17-Mar-18,0.567726161,0.46566773,,,,,36.83510425,
18-Mar-18,0.608632721,0.551129741,,,,,,
20-Mar-18,0.626691436,0.528293735,,,,,,
21-Mar-18,0.616806134,0.589627791,,,,,,
23-Mar-18,0.606920832,0.562385604,,,,,,
24-Mar-18,0.617616897,0.591720839,,,,,,
25-Mar-18,0.628312963,0.572078737,,,,,,
28-Mar-18,0.625468382,0.575200942,,,,,,
29-Mar-18,0.622623801,0.578323147,,,,,,
01-Apr-18,,0.580239118,,,,,,
02-Apr-18,0.601058598,0.580239118,,,,,38.68692238,
03-Apr-18,0.601058598,0.540351757,,,,,,
04-Apr-18,0.600790932,0.540351757,,,,,,
05-Apr-18,0.600790932,0.536535744,,,,,,
06-Apr-18,0.607132769,0.536699744,,,,,,
07-Apr-18,0.641223673,0.536699744,,,,,,
08-Apr-18,0.641223673,0.536699744,,,,,,
09-Apr-18,0.641223673,0.604819709,,,,,,
10-Apr-18,0.603049189,0.522113039,,,,,,
11-Apr-18,0.631049808,0.522113039,,,,,,
12-Apr-18,0.631049808,0.522113039,,,,,,
13-Apr-18,0.631049808,0.580738198,,,,,,
14-Apr-18,0.603508158,0.521355872,,,,,,
15-Apr-18,0.618064292,0.521355872,,,,,,
16-Apr-18,0.618064292,0.585353439,,,,,,
17-Apr-18,0.620282052,0.594418669,,,,,,
18-Apr-18,0.640688221,0.594418669,,,,,41.25732632,
19-Apr-18,0.640688221,0.594418669,,,,,,
20-Apr-18,0.640688221,0.626588484,,,,,,
21-Apr-18,0.617354603,0.597897461,,,,,,
22-Apr-18,0.620019962,0.597897461,,,,,,
23-Apr-18,0.620019962,0.597897461,,,,,,
24-Apr-18,0.620019962,0.590746663,,,,,,
25-Apr-18,0.631844017,0.607459062,,,,,,
26-Apr-18,0.617944454,0.607459062,,,,,,
27-Apr-18,0.617944454,0.607459062,,,,,,
28-Apr-18,0.617944454,0.592923427,,,,,,
29-Apr-18,0.615612212,0.573453047,,,,,,
30-Apr-18,,0.573453047,,,,,,
02-May-18,0.612518906,,,,,,,
03-May-18,0.612564191,,,,,,,
04-May-18,0.612564191,,,,,,46.75197251,
05-May-18,0.612564191,,,,,,,
06-May-18,0.649926346,,,,,,,
07-May-18,0.617323981,,,,,,,
08-May-18,0.617323981,,,,,,,
09-May-18,0.617323981,,,,,,,
10-May-18,0.641725557,,,,,,,
11-May-18,0.608311757,,,,,,,
12-May-18,0.608311757,,,,,,,
13-May-18,0.637881194,,,,,,,
14-May-18,0.615751842,,,,,,,
15-May-18,0.615751842,,,,,,,
16-May-18,0.610308197,,,,,,,
17-May-18,0.627182795,,,,,,,
18-May-18,0.613470312,,,,,,,
19-May-18,0.613470312,,,,,,,
20-May-18,0.622371636,,,,,,50.02791274,
21-May-18,0.619571096,,,,,,,
22-May-18,0.619396824,,,,,,,
23-May-18,0.619396824,,,,,,,
24-May-18,0.619396824,,,,,,,
25-May-18,0.613371287,,,,,,,
26-May-18,0.595019518,,,,,,,
27-May-18,0.595019518,,,,,,,
28-May-18,0.595019518,,,,,,,
29-May-18,0.633437867,,,,,,,
30-May-18,0.623864336,,,,,,,
31-May-18,0.623864336,,,,,,,
02-Jun-18,0.58339491,0.558147288,,,,,,
03-Jun-18,0.629650477,0.594508053,,,,,,
04-Jun-18,0.629650477,0.594508053,,,,,,
05-Jun-18,0.629650477,0.594508053,,,,,48.03685099,
06-Jun-18,0.620542226,0.578943337,,,,,,
07-Jun-18,0.618836787,0.565452603,,,,,,
08-Jun-18,0.618836787,0.565452603,,,,,,
09-Jun-18,0.613805818,0.563520878,,,,,,
10-Jun-18,0.612418118,0.60830903,,,,,,
11-Jun-18,0.612418118,0.60830903,,,,,,
12-Jun-18,0.612418118,0.60830903,,,,,,
13-Jun-18,0.603767043,0.567186169,,,,,,
14-Jun-18,0.602988424,0.578739788,,,,,,
15-Jun-18,0.602988424,0.578739788,,,,,,
16-Jun-18,0.602988424,0.578739788,,,,,,
17-Jun-18,0.502231499,0.425096152,,,,,,
18-Jun-18,0.533510004,0.454284378,,,,,,
19-Jun-18,0.533510004,0.454284378,,,,,,
20-Jun-18,0.533510004,0.454284378,,,,,,
21-Jun-18,0.607659084,0.579249277,,,,,48.00360667,
22-Jun-18,0.59593843,0.541283042,,,,,,
23-Jun-18,0.59593843,0.541283042,,,,,,
24-Jun-18,0.59593843,0.541283042,,,,,,
25-Jun-18,0.581936862,0.536830928,,,,,,
26-Jun-18,0.591001149,0.534254554,,,,,,
27-Jun-18,0.591001149,0.534254554,,,,,,
28-Jun-18,0.591001149,0.534254554,,,,,,
29-Jun-18,0.629177367,0.5946372,,,,,,
30-Jun-18,0.59768657,0.550133055,,,,,,
01-Jul-18,0.59768657,,,,,,,
02-Jul-18,0.59768657,0.514466153,,,,,,
03-Jul-18,0.589059026,0.604133316,,,,,,
04-Jul-18,0.590047183,0.533272833,,,,,,
05-Jul-18,0.590047183,0.533272833,,,,,,
06-Jul-18,0.595511802,0.550188916,,,,,,
07-Jul-18,0.553080037,0.5214535,,,,,46.54733484,
08-Jul-18,0.553080037,0.5214535,,,,,,
09-Jul-18,0.553080037,0.5214535,,,,,,
10-Jul-18,0.588593566,0.561980197,,,,,,
11-Jul-18,0.615490712,0.617851922,,,,,,
12-Jul-18,0.615490712,0.617851922,,,,,,
13-Jul-18,0.615490712,0.617851922,,,,,,
14-Jul-18,0.596664575,0.627396777,,,,,,
15-Jul-18,0.622281814,0.583421605,,,,,,
16-Jul-18,0.622281814,0.583421605,,,,,,
17-Jul-18,0.622281814,0.583421605,,,,,,
18-Jul-18,0.602630231,0.600184541,,,,,,
19-Jul-18,0.625841724,0.588597997,,,,,,
20-Jul-18,0.625841724,0.588597997,,,,,,
21-Jul-18,0.625841724,0.588597997,,,,,,
22-Jul-18,0.610918607,0.601926721,,,,,,
23-Jul-18,0.604758841,0.601511859,,,,,,
24-Jul-18,0.604758841,0.601511859,,,,,,
25-Jul-18,0.604758841,0.601511859,,,,,,
26-Jul-18,0.627066673,0.589446495,,,,,,
27-Jul-18,0.601579468,0.593108119,,,,,,
28-Jul-18,0.601579468,0.593108119,,,,,,
29-Jul-18,0.601579468,0.593108119,,,,,,
30-Jul-18,0.620537925,0.582272729,,,,,,
31-Jul-18,0.54983443,0.513497703,,,,,,
02-Aug-18,0.5894007,0.534454703,,,,,,
03-Aug-18,0.590897857,0.584307904,,,,,,
04-Aug-18,0.590897857,0.584307904,,,,,,
05-Aug-18,0.590897857,0.584307904,,,,,,
06-Aug-18,0.613739061,0.587182953,,,,,,
07-Aug-18,0.62769353,0.594204999,,,,,,
08-Aug-18,0.62769353,0.594204999,,,,,,
09-Aug-18,0.62769353,0.594204999,,,,,,
10-Aug-18,0.62694769,0.593130454,,,,,,
11-Aug-18,0.635435723,0.598948598,,,,,,
12-Aug-18,0.635435723,0.598948598,,,,,,
13-Aug-18,0.635435723,0.598948598,,,,,,
14-Aug-18,0.616618713,0.61692676,,,,,,
15-Aug-18,0.603179263,0.60306467,,,,,,
16-Aug-18,0.603179263,0.60306467,,,,,,
17-Aug-18,0.603179263,0.60306467,,,,,,
18-Aug-18,0.605321543,0.591299801,,,,,,
19-Aug-18,0.626527777,0.582036398,,,,,,
20-Aug-18,0.626527777,0.582036398,,,,,,
21-Aug-18,0.626527777,0.582036398,,,,,,
22-Aug-18,0.624098859,0.585155327,,,,,,
23-Aug-18,0.627248472,0.58258864,,,,,,
24-Aug-18,0.627248472,0.58258864,,,,,,
25-Aug-18,0.627248472,0.58258864,,,,,,
26-Aug-18,0.627065313,0.584275536,,,,,,
27-Aug-18,0.634635503,0.59367134,,,,,,
28-Aug-18,0.634635503,0.59367134,,,,,,
29-Aug-18,0.626392085,0.581819803,,,,,,
30-Aug-18,0.622943781,0.583322971,,,,,,
02-Sep-18,0.629855782,0.595040382,,,,,,
03-Sep-18,0.629282337,0.597375939,,,,,,
06-Sep-18,0.571838938,0.522128267,,,,,,
07-Sep-18,0.628595029,0.589328323,,,,,,
10-Sep-18,0.63244447,0.590254995,,,,,,
11-Sep-18,0.574401754,0.532967803,,,,,,
14-Sep-18,0.577161243,0.528923181,,,,,,
15-Sep-18,0.523058331,0.49498015,,,,,,
18-Sep-18,0.527338677,0.466383019,,,,,,
19-Sep-18,0.54145639,0.512720379,,,,,,
22-Sep-18,0.53670414,0.478026528,,,,,,
23-Sep-18,0.626542883,0.589604486,,,,,,
25-Sep-18,0.624179593,0.566788783,,,,,21.68471432,
26-Sep-18,0.537293337,0.496269142,,,,,,
29-Sep-18,0.515451984,0.475956915,,,,,,
30-Sep-18,0.522235471,0.484269214,,,,,,
03-Oct-18,0.51313491,0.480023031,,,,,,
04-Oct-18,0.513219558,0.471340723,,,,,,
07-Oct-18,0.516421318,0.45223547,,,,,,
08-Oct-18,0.508158209,0.45694195,,,,,,
11-Oct-18,0.536451042,0.470703936,,,,,34.78630237,
12-Oct-18,0.537295535,0.493017079,,,,,,
15-Oct-18,0.536147033,0.469206087,,,,,,
16-Oct-18,0.557010188,0.518201137,,,,,,
19-Oct-18,0.550024313,0.47702182,,,,,,
20-Oct-18,0.549010953,0.494710943,,,,,,
22-Oct-18,0.554215433,0.462093851,,,,,,
23-Oct-18,0.580692149,0.534266777,,,,,,
26-Oct-18,0.557885358,0.504053964,,,,,,
27-Oct-18,0.570312844,0.525078618,,,,,41.08120063,
30-Oct-18,0.563913169,0.508044976,,,,,,
31-Oct-18,0.551132292,0.49827694,,,,,,
02-Nov-18,0.581529845,0.505172418,,,,,,
03-Nov-18,0.539929988,0.471630106,,,,,,
04-Nov-18,0.581975851,0.52672426,,,,,,
06-Nov-18,0.563718172,0.49435528,,,,,,
07-Nov-18,0.545409535,0.47785643,,,,,,
08-Nov-18,0.553355611,0.480639485,,,,,,
10-Nov-18,0.554607664,0.46634005,,,,,,
11-Nov-18,0.540755076,0.468671591,,,,,,
12-Nov-18,0.592802429,0.532223192,,,,,36.57826853,
14-Nov-18,0.575336282,0.485311739,,,,,,
15-Nov-18,0.554447693,0.467103042,,,,,,
16-Nov-18,0.573456159,0.507515678,,,,,,
17-Nov-18,0.571212444,0.510594658,,,,,,
18-Nov-18,0.561228149,0.48795444,,,,,,
19-Nov-18,0.586664132,0.534440142,,,,,,
21-Nov-18,0.586954029,0.516537143,,,,,,
22-Nov-18,0.551894259,0.480928507,,,,,,
23-Nov-18,0.563911969,0.503068844,,,,,,
25-Nov-18,0.571226835,0.485957204,,,,,,
26-Nov-18,0.559467049,0.489791265,,,,,,
27-Nov-18,0.561240646,0.50223818,,,,,,
29-Nov-18,0.588712425,0.508168044,,,,,,
30-Nov-18,0.561019326,0.487213656,,,,,,
01-Dec-18,0.562369066,,,,,,,
02-Dec-18,0.562369066,0.555272383,,,,,,
03-Dec-18,0.576755758,0.511981977,,,,,,
04-Dec-18,0.54593249,0.620613439,,,,,,
05-Dec-18,0.597468758,0.531053087,,,,,,
06-Dec-18,0.601252838,0.53822073,,,,,,
07-Dec-18,0.569932636,0.499370243,,,,,,
08-Dec-18,0.535896944,0.440271522,,,,,,
09-Dec-18,0.580318696,0.508828676,,,,,,
10-Dec-18,0.578049647,0.494341935,,,,,,
11-Dec-18,0.57794824,0.513758894,,,,,,
12-Dec-18,0.546475737,0.438012957,,,,,,
13-Dec-18,0.583324289,0.507763974,,,,,,
14-Dec-18,0.577129552,0.499964585,,,,,28.92150089,
15-Dec-18,0.571800423,0.482236907,,,,,,
16-Dec-18,0.586513577,0.522393864,,,,,,
18-Dec-18,0.567514731,0.47591371,0.096767473,-0.009232719,0.101079036,7.838490439,,3.494842557
19-Dec-18,0.560035716,0.490548975,,,,,,
20-Dec-18,0.598116081,0.546148515,,,,,,
22-Dec-18,0.580324719,0.491976586,,,,,,
23-Dec-18,0.560163669,0.491938636,0.307403723,-0.148783643,0.203122505,8.051000638,,0.072627416
24-Dec-18,0.583471655,0.523180425,,,,,,
26-Dec-18,0.59647542,0.508540025,,,,,,
27-Dec-18,0.572988787,0.496585491,,,,,,
28-Dec-18,0.584663762,0.513693648,0.381000398,-0.201116566,0.155669094,8.144490208,,-0.020792443
29-Dec-18,0.584663762,0.513693648,,,,,,
30-Dec-18,0.621167217,0.587915281,,,,,23.47620033,
31-Dec-18,,0.491432344,,,,,,
01-Jan-19,0.626062303,0.565238335,,,,,,
02-Jan-19,0.626062303,0.555518744,0.268385618,-0.149047092,0.164198172,7.923734707,,0.830051677
03-Jan-19,0.587280287,0.535878866,,,,,,
04-Jan-19,0.56634065,0.484089716,,,,,,
05-Jan-19,0.602086768,0.540977276,,,,,,
06-Jan-19,0.599599241,0.528849767,0.269756976,-0.064413026,0.129334237,8.067702994,,
07-Jan-19,0.604084322,0.548251032,,,,,,0.757070292
08-Jan-19,0.598982576,0.52990873,,,,,,
09-Jan-19,0.581054254,0.500796465,,,,,,
10-Jan-19,0.562009979,0.466819299,,,,,,
11-Jan-19,0.582929553,0.500370034,,,,,,
12-Jan-19,0.612779561,0.549214582,,,,,,0.464162451
14-Jan-19,0.603305788,0.517829459,,,,,,
15-Jan-19,0.563320361,0.488492017,,,,,23.44407501,
16-Jan-19,0.604945137,0.558479445,,,,,,
18-Jan-19,0.602605043,0.526318547,,,,,,
19-Jan-19,0.577446658,0.517000625,,,,,,
20-Jan-19,0.612865269,0.572489276,,,,,,
22-Jan-19,0.612161588,0.529456594,0.344396293,-0.177477472,0.180763152,8.052627461,,2.952280529
23-Jan-19,0.587807308,0.526064789,,,,,,
24-Jan-19,0.599628407,0.544731383,,,,,,
25-Jan-19,0.599628407,0.544731383,,,,,,
26-Jan-19,0.645820956,0.622687254,,,,,,
27-Jan-19,0.557456329,0.463432572,0.256767714,-0.109720289,0.155361563,8.074821128,,5.073421526
28-Jan-19,0.606492155,0.538235462,,,,,,
29-Jan-19,0.585058191,0.502890502,,,,,,
30-Jan-19,0.613618864,0.559278015,,,,,,
31-Jan-19,0.568152671,0.481445885,,,,,23.63245268,
01-Feb-19,0.609717218,0.563949446,0.371014478,-0.170928335,0.170394839,8.145824685,,9.405379111
02-Feb-19,0.628056811,0.57551368,,,,,,
03-Feb-19,0.593911739,0.527495175,,,,,,
04-Feb-19,0.557450401,0.459826572,0.338584673,-0.149076846,0.169609484,8.089910484,,
05-Feb-19,0.572915913,0.493732145,0.291591915,-0.121871456,0.214800208,8.119504179,,
06-Feb-19,0.579021713,0.503175034,,,,,,8.638259554
07-Feb-19,0.592989353,0.523832893,,,,,,
08-Feb-19,0.582058723,0.524237973,,,,,,
10-Feb-19,0.579877866,0.491053126,,,,,,
11-Feb-19,0.589718505,0.532050699,,,,,,4.401338794
12-Feb-19,0.611707531,0.563509994,,,,,,
14-Feb-19,0.611675009,0.543541505,,,,,,
15-Feb-19,0.565273276,0.501848369,,,,,,
16-Feb-19,0.581568099,0.515240647,0.217980217,-0.145502876,0.144514423,7.977333852,-44.37935811,6.878333374
18-Feb-19,0.580565521,0.489048874,,,,,,
19-Feb-19,0.563992599,0.478166122,,,,,,
20-Feb-19,0.571799698,0.518135182,,,,,,
21-Feb-19,0.571799698,0.518135182,0.224590194,-0.123033293,0.172806356,7.871975832,,9.914299784
22-Feb-19,0.593276399,0.547604583,,,,,,
23-Feb-19,0.565962475,0.508015916,,,,,,
24-Feb-19,0.605182396,0.551836872,,,,,,
25-Feb-19,0.599973247,0.556544572,,,,,,
26-Feb-19,0.616118367,0.583900672,0.425655681,-0.25925618,0.129285219,8.185331169,,7.336201422
27-Feb-19,0.620476277,0.573421827,,,,,,
28-Feb-19,0.60323901,0.551824803,,,,,,
01-Mar-19,0.619032192,0.568535139,,,,,,
02-Mar-19,0.626305887,0.597050688,,,,,,
03-Mar-19,0.578863128,0.504415429,,,,,,
04-Mar-19,0.630394499,0.590550678,,,,,27.14089558,
05-Mar-19,0.610923202,0.56231668,,,,,,
06-Mar-19,0.601656445,0.542577382,,,,,,
07-Mar-19,0.62532091,0.587174437,,,,,,
09-Mar-19,0.617738027,0.566696005,,,,,,
10-Mar-19,0.598094303,0.567664109,,,,,,
11-Mar-19,0.630940622,0.597275561,,,,,,
13-Mar-19,0.627893394,0.574245164,0.384743826,-0.216986371,0.178426787,8.15297202,,3.129391199
14-Mar-19,0.599712566,0.561930131,,,,,,
15-Mar-19,0.596995311,0.537055286,,,,,,
17-Mar-19,0.615089041,0.548696947,,,,,,
18-Mar-19,0.603243988,0.55642087,0.432499682,-0.261768553,0.19652743,8.2577605,,-5.000225318
19-Mar-19,0.612120024,0.587780863,,,,,,
20-Mar-19,0.612120024,0.587780863,,,,,32.08407273,
21-Mar-19,0.620419176,0.583170495,,,,,,
22-Mar-19,0.583378591,0.543943279,,,,,,
23-Mar-19,0.624917004,0.592430529,0.492973807,-0.269349849,0.168111908,8.272495287,,1.461646399
24-Mar-19,0.639465073,0.615588878,,,,,,
25-Mar-19,0.614828949,0.598830083,,,,,,
26-Mar-19,0.600054987,0.552623758,,,,,,
27-Mar-19,0.640777273,0.612141872,,,,,,
28-Mar-19,0.64217247,0.611706706,0.318286611,-0.149499508,0.166807129,8.126761616,,1.643997093
29-Mar-19,0.653420872,0.637658744,,,,,,
30-Mar-19,0.600725976,0.542904203,,,,,,
31-Mar-19,0.638421521,0.620144915,,,,,,
01-Apr-19,0.64537156,,,,,,,
02-Apr-19,0.634040512,0.624378266,,,,,,0.769964844
03-Apr-19,0.639572475,0.613802004,,,,,,
04-Apr-19,0.639572475,0.613802004,,,,,,
05-Apr-19,0.622567243,0.596813383,,,,,27.28769547,
06-Apr-19,0.634052304,0.601245452,,,,,,
07-Apr-19,0.633727568,0.603150728,,,,,,-1.771951863
08-Apr-19,0.633727568,0.603150728,,,,,,
09-Apr-19,0.620874497,0.608975779,,,,,,
10-Apr-19,0.627910969,0.594344286,0.211188488,-0.030660033,0.093511322,8.060457319,,
11-Apr-19,0.624372564,0.607808042,,,,,,
12-Apr-19,0.624372564,0.607808042,,,,,,2.115329757
13-Apr-19,0.604439446,0.582670004,,,,,,
14-Apr-19,0.625125854,0.595033256,,,,,,
15-Apr-19,0.617259623,0.592984927,,,,,,
16-Apr-19,0.618804179,0.566315622,,,,,,
17-Apr-19,0.632807716,0.594407519,0.289772785,-0.119421651,0.149497628,8.12066066,,-1.879360575
18-Apr-19,0.621008535,0.569141868,,,,,,
19-Apr-19,0.623248962,0.593892183,,,,,,
20-Apr-19,0.622523219,0.602149683,,,,,,
21-Apr-19,0.658439741,0.655635766,,,,,44.15138013,
22-Apr-19,0.5923839,0.546372855,0.228665654,-0.08733162,0.180262095,7.947568521,,-3.120153851
23-Apr-19,0.645690737,0.628326042,,,,,,
24-Apr-19,0.633212343,0.618681452,,,,,,
25-Apr-19,0.628169483,0.590590794,,,,,,
26-Apr-19,0.609872029,0.562681793,,,,,,
27-Apr-19,0.63600807,0.604668114,0.345106804,-0.169223945,0.165214045,8.161852805,,-5.188777218
28-Apr-19,0.6278731,0.609635975,,,,,,
29-Apr-19,0.609199115,0.556765285,,,,,,
30-Apr-19,0.62585358,0.585304776,,,,,,
02-May-19,0.608842498,,,,,,,-1.512016911
03-May-19,0.57400377,,,,,,,
04-May-19,0.635385027,,,,,,,
05-May-19,0.635385027,,,,,,,
06-May-19,0.608342559,,,,,,,
07-May-19,0.624982928,,,,,,46.38341229,1.405364998
08-May-19,0.62291751,,,,,,,
09-May-19,0.62291751,,,,,,,
10-May-19,0.625101376,,,,,,,
11-May-19,0.624861034,,,,,,,
12-May-19,0.624482538,,,,,,,2.233899147
13-May-19,0.631107741,,,,,,,
14-May-19,0.633721464,,,,,,,
15-May-19,0.615294165,,,,,,,
16-May-19,0.630583268,,,,,,,
17-May-19,0.627665546,,0.166643365,-0.011343496,0.106360173,8.014801586,,2.874609202
18-May-19,0.636293709,,,,,,,
19-May-19,0.595984082,,,,,,,
20-May-19,0.645667535,,,,,,,
21-May-19,0.64526342,,,,,,,
22-May-19,0.632573249,,0.250411639,-0.051818769,0.143012545,8.050945882,,2.180394739
23-May-19,0.61242459,,,,,,48.44490561,
24-May-19,0.654166592,,,,,,,
25-May-19,0.647316334,,,,,,,
26-May-19,0.624074555,,,,,,,
27-May-19,0.627019467,,0.309757539,-0.102494595,0.112232957,8.123183849,,2.443750837
29-May-19,0.627019467,,,,,,,
30-May-19,0.608826459,,,,,,,
31-May-19,0.585771515,,,,,,,
02-Jun-19,0.617591689,0.407426697,0.227986036,-0.136161743,0.121627497,7.951549319,,
03-Jun-19,0.620859066,0.567844954,,,,,,
04-Jun-19,0.635382028,0.615577288,,,,,,
06-Jun-19,0.62370057,0.57476061,0.251090934,-0.065828644,0.10456245,8.073139486,,1.562458204
07-Jun-19,0.622894213,0.602496638,,,,,,
08-Jun-19,0.6236676,0.591556418,,,,,52.90904318,
09-Jun-19,0.6236676,0.591556418,,,,,,
10-Jun-19,0.623204824,0.604218821,,,,,,
11-Jun-19,0.614182015,0.57541483,,,,,,2.394315021
12-Jun-19,0.652094013,0.635501067,,,,,,
13-Jun-19,0.65206339,0.633291733,,,,,,
14-Jun-19,0.628213845,0.601827189,,,,,,
15-Jun-19,0.605076478,0.548035,,,,,,
16-Jun-19,0.644089315,0.64057081,,,,,,
17-Jun-19,0.646416364,0.626270106,,,,,,
18-Jun-19,0.625976042,0.607365579,,,,,,
19-Jun-19,0.623501516,0.56660335,,,,,,
20-Jun-19,0.630953917,0.589560295,,,,,,
21-Jun-19,0.630438559,0.602004084,,,,,,
22-Jun-19,0.618756774,0.564324967,,,,,,
23-Jun-19,0.577756565,0.516279292,,,,,,
25-Jun-19,0.613745924,0.556841238,,,,,,
26-Jun-19,0.594450477,0.555004145,,,,,,
27-Jun-19,0.627448179,0.591279582,,,,,,
29-Jun-19,0.61148234,0.546651059,,,,,,
30-Jun-19,0.611377436,0.573432823,,,,,,
01-Jul-19,0.635973377,0.594731996,0.348491582,-0.167122129,0.15773341,8.117732765,,
03-Jul-19,0.629677119,0.583958608,,,,,,
04-Jul-19,0.632781813,0.595392889,0.297153084,-0.138792544,0.165439891,8.097821647,,
05-Jul-19,0.62870461,0.588622439,0.232024682,-0.063644376,0.138032862,8.092476628,,
06-Jul-19,0.62870461,0.588622439,,,,,,
07-Jul-19,0.624747567,0.588812374,,,,,,
08-Jul-19,0.629035368,0.584486748,,,,,,
09-Jul-19,0.628900028,0.58779438,,,,,,
10-Jul-19,0.630736295,0.592493257,,,,,42.77911834,
11-Jul-19,0.602107388,0.565551655,,,,,,
12-Jul-19,0.624516567,0.583799991,,,,,,
13-Jul-19,0.595691448,0.555274593,,,,,,
14-Jul-19,0.583517427,0.549318154,,,,,,
15-Jul-19,0.568525851,0.542224817,,,,,,
16-Jul-19,0.614143678,0.569037471,,,,,,
17-Jul-19,0.648932373,0.632470109,,,,,,
18-Jul-19,0.578034624,0.547908199,,,,,,
19-Jul-19,0.556721514,0.515994411,,,,,,
20-Jul-19,0.57810604,0.551741569,,,,,,
22-Jul-19,0.578738363,0.537106945,,,,,,
23-Jul-19,0.488496652,0.435870796,,,,,,
24-Jul-19,0.520866197,0.509678126,,,,,,
26-Jul-19,0.564399893,0.533875498,,,,,,
27-Jul-19,0.574910953,0.550137305,,,,,,
28-Jul-19,0.622574178,0.576219328,,,,,,
30-Jul-19,0.631841465,0.58219495,,,,,,
31-Jul-19,0.628688433,0.591899564,,,,,,
01-Aug-19,0.625854886,0.584517783,,,,,,
02-Aug-19,0.625854886,0.584517783,,,,,,
03-Aug-19,0.626307628,0.597335314,0.312389587,-0.147185921,0.179326222,8.089816128,,
04-Aug-19,0.623582982,0.578451432,,,,,,
05-Aug-19,0.630467962,0.594005631,,,,,,
06-Aug-19,0.628939356,0.594223888,,,,,,
07-Aug-19,0.612352114,0.563175224,,,,,,
08-Aug-19,0.57181021,0.510949428,,,,,,
09-Aug-19,0.62005447,0.579512373,,,,,,
10-Aug-19,0.623689304,0.583162908,,,,,,
11-Aug-19,0.634706195,0.615937606,,,,,-123.1485201,
12-Aug-19,0.624612223,0.575006669,0.176638622,-0.110838269,0.252790452,7.777573412,,
13-Aug-19,0.637256453,0.605062693,,,,,,
14-Aug-19,0.574567016,0.537502544,,,,,,
15-Aug-19,0.625915034,0.580090717,,,,,,
16-Aug-19,0.626266382,0.591385896,,,,,,
18-Aug-19,0.624938609,0.584789726,,,,,,
19-Aug-19,0.626822787,0.595611673,,,,,,
20-Aug-19,0.623275916,0.597773093,,,,,,
22-Aug-19,0.612566429,0.573126972,,,,,,
23-Aug-19,0.607696675,0.573988181,,,,,,
24-Aug-19,0.622984734,0.577733875,,,,,,
26-Aug-19,0.6378882,0.593594385,,,,,,
27-Aug-19,0.628312924,0.591019439,,,,,,
28-Aug-19,0.546618392,0.4901697,,,,,,
29-Aug-19,0.546618392,0.4901697,,,,,,
30-Aug-19,0.538222567,0.477923653,,,,,,
31-Aug-19,0.6272056,0.584666718,,,,,,
01-Sep-19,0.60301265,0.545946933,,,,,,
02-Sep-19,0.605885552,0.564954641,,,,,,
03-Sep-19,0.617083581,0.587446221,,,,,,
04-Sep-19,0.580620666,0.527531759,,,,,,
05-Sep-19,0.617254571,0.578378242,,,,,,
06-Sep-19,0.625638399,0.580535157,,,,,,
07-Sep-19,0.513282275,0.462660624,,,,,,
08-Sep-19,0.593181484,0.540796835,,,,,,
09-Sep-19,0.627591812,0.588419608,,,,,,
10-Sep-19,0.608944359,0.569412677,0.143299463,-0.126254432,0.175526911,7.483785639,,
11-Sep-19,0.633175595,0.598072725,,,,,,
12-Sep-19,0.623807847,0.587894873,,,,,,
14-Sep-19,0.622668243,0.583418606,,,,,,
15-Sep-19,0.62558634,0.597418966,,,,,,
16-Sep-19,0.631080155,0.596993254,,,,,,
18-Sep-19,0.62485566,0.571059453,,,,,,
19-Sep-19,0.603811966,0.56072671,,,,,,
20-Sep-19,0.514290844,0.470161207,,,,,,
22-Sep-19,0.602354959,0.552979575,,,,,,
23-Sep-19,0.516056749,0.456805491,,,,,,
24-Sep-19,0.579154567,0.517441547,,,,,,
25-Sep-19,0.579154567,0.517441547,,,,,,
26-Sep-19,0.621441779,0.589589343,,,,,,
27-Sep-19,0.6330192,0.598012457,,,,,,
28-Sep-19,0.618610982,0.581419254,,,,,,
29-Sep-19,0.623584277,0.586978066,,,,,,
30-Sep-19,0.634489227,0.613020623,,,,,,
01-Oct-19,0.624555532,0.58057306,,,,,,
02-Oct-19,0.55459592,0.505473266,,,,,,
03-Oct-19,0.547219431,0.493016372,,,,,,
04-Oct-19,0.480421246,0.441785616,,,,,,2.465110521
05-Oct-19,0.616672747,0.558095249,,,,,,
06-Oct-19,0.504513196,0.419944065,,,,,,
07-Oct-19,0.540098089,0.477194958,,,,,,
08-Oct-19,0.563801096,0.508496627,,,,,,
09-Oct-19,0.510343599,0.456817943,,,,,,8.416425128
11-Oct-19,0.545883251,0.474108178,,,,,,
12-Oct-19,0.508608285,0.454347214,,,,,,
13-Oct-19,0.485116406,0.433706077,,,,,,
15-Oct-19,0.54312639,0.477137005,,,,,,
16-Oct-19,0.482551986,0.431848917,,,,,,
17-Oct-19,0.484406352,0.428736118,,,,,,
19-Oct-19,0.560399221,0.491273511,,,,,,
20-Oct-19,0.559795401,0.500831671,,,,,,
21-Oct-19,0.630539756,0.595581882,,,,,,
22-Oct-19,0.630539756,0.595581882,,,,,,
23-Oct-19,0.622655721,0.590154518,,,,,,
24-Oct-19,0.615713551,0.569067585,,,,,,
25-Oct-19,0.52096542,0.458609133,,,,,,
26-Oct-19,0.623596369,0.584613743,,,,,,
27-Oct-19,0.622170909,0.588695144,,,,,,
28-Oct-19,0.602772791,0.547519345,,,,,,
29-Oct-19,0.575383431,0.512257063,,,,,,
30-Oct-19,0.622056207,0.575219052,,,,,36.05087211,
31-Oct-19,0.499109715,0.44407374,,,,,,
01-Nov-19,,0.557530442,,,,,,
02-Nov-19,0.542749975,0.489195333,0.095492036,-0.058657024,0.204993305,7.650445333,,
03-Nov-19,0.470678225,0.442253055,,,,,,
04-Nov-19,0.624460537,0.581189871,,,,,,
05-Nov-19,0.508871996,0.46018004,,,,,,
07-Nov-19,0.564037604,0.501561643,,,,,,
08-Nov-19,0.489506414,0.422488284,,,,,,
09-Nov-19,0.608529822,0.565572565,,,,,,
11-Nov-19,0.637546067,0.592598401,,,,,,
12-Nov-19,0.498759861,0.419109265,,,,,,
13-Nov-19,0.514732085,0.440285864,,,,,,
15-Nov-19,0.544050098,0.443606979,,,,,30.78301562,
16-Nov-19,0.49140901,0.400820894,,,,,,
17-Nov-19,0.507511112,0.437363183,,,,,,
18-Nov-19,0.507511112,0.437363183,,,,,,
19-Nov-19,0.577244633,0.521758463,,,,,,
20-Nov-19,0.505410041,0.41356207,,,,,,
21-Nov-19,0.548787099,0.467529476,,,,,,
22-Nov-19,0.545127804,0.475003299,,,,,,
23-Nov-19,0.51216719,0.447788913,0.25111582,-0.156104891,0.200408765,7.894015838,,9.584326256
24-Nov-19,0.49945319,0.402678366,,,,,,
25-Nov-19,0.576382358,0.502736603,,,,,,
26-Nov-19,0.529419802,0.443950645,,,,,,
27-Nov-19,0.514407025,0.444186025,,,,,,
28-Nov-19,0.516943185,0.418173614,0.213241373,-0.151689411,0.226948752,7.743341874,,5.962818889
29-Nov-19,0.549168283,0.472721657,,,,,,
30-Nov-19,0.557072311,0.470635089,,,,,,
01-Dec-19,0.509355315,0.421691135,0.150200447,-0.068496715,0.224500557,7.773572212,30.41137512,
02-Dec-19,0.54530207,0.46874578,,,,,,
04-Dec-19,0.550055574,0.459622513,0.273940097,-0.082933103,0.146806153,8.073212432,,
05-Dec-19,0.511397314,0.432579357,0.210548605,-0.032323598,0.142369872,8.046581865,,
06-Dec-19,0.553300593,0.499464215,,,,,,
08-Dec-19,0.563079188,0.476422956,,,,,,3.325703526
09-Dec-19,0.514774694,0.427229289,,,,,,
10-Dec-19,0.523013881,0.443211278,,,,,,
12-Dec-19,0.554729285,0.444888018,,,,,,
13-Dec-19,0.522572051,0.427092437,0.2629912,-0.161986778,0.21762832,7.94078968,,2.794577411
14-Dec-19,0.49130082,0.409427459,,,,,,
15-Dec-19,0.49130082,0.409427459,,,,,,
16-Dec-19,0.616973785,0.570421956,,,,,,
17-Dec-19,0.6447551,0.602049248,,,,,22.68796423,
18-Dec-19,0.636849049,0.592154967,0.293151899,-0.16029308,0.263705194,7.955739158,,3.463756891
19-Dec-19,0.64502069,0.605305485,,,,,,
20-Dec-19,0.534209983,0.46092845,,,,,,
21-Dec-19,0.50933597,0.409949395,,,,,,
22-Dec-19,0.55733405,0.483993184,,,,,,
23-Dec-19,0.541232852,0.455704171,0.324479962,-0.182356542,0.212203357,8.057121796,,5.336456666
24-Dec-19,0.533320173,0.452428729,,,,,,
25-Dec-19,0.506296769,0.394285978,,,,,,
26-Dec-19,0.590522809,0.512960791,,,,,,
27-Dec-19,0.557485741,0.469165111,,,,,,
28-Dec-19,0.516350719,0.427744092,0.26840446,-0.132363211,0.221995726,7.94940521,,5.839103519
29-Dec-19,0.580635929,0.51065963,,,,,,
31-Dec-19,0.575085096,0.496816152,,,,,,
01-Jan-20,0.604632414,0.555031436,,,,,,
02-Jan-20,0.645077798,0.608506706,0.12431886,-0.121228606,0.175293515,7.773918759,11.63002662,
04-Jan-20,0.644760821,0.591487836,0.418728149,-0.20670495,0.14549095,8.246928291,,
05-Jan-20,0.648324289,0.612864245,0.233183581,-0.092733971,0.14485222,8.022568036,,
06-Jan-20,0.528546019,0.451642928,,,,,,
08-Jan-20,0.561673124,0.46085831,,,,,,
09-Jan-20,0.51918337,0.43091641,,,,,,
10-Jan-20,0.540013034,0.464902646,,,,,,
11-Jan-20,0.540013034,0.464902646,,,,,,
12-Jan-20,0.576577794,0.521147612,,,,,,6.225020812
13-Jan-20,0.522762432,0.432576693,,,,,,
14-Jan-20,0.566736955,0.493044386,,,,,,
15-Jan-20,0.578021844,0.507859669,,,,,,
16-Jan-20,0.548273075,0.471525732,,,,,,
17-Jan-20,0.542275321,0.441999874,0.13819321,-0.123245948,0.182956447,7.789505124,,9.152411116
18-Jan-20,0.565020259,0.490113789,,,,,14.89245346,
19-Jan-20,0.651420059,0.622765582,,,,,,
20-Jan-20,0.645907487,0.615295386,,,,,,
21-Jan-20,0.515372152,0.403741668,,,,,,
22-Jan-20,0.546805728,0.457314162,,,,,,
23-Jan-20,0.567736937,0.49645387,,,,,,
24-Jan-20,0.540948287,0.454381185,,,,,,
25-Jan-20,0.57685476,0.517400807,,,,,,
27-Jan-20,0.589290113,0.510524836,,,,,,
28-Jan-20,0.588661155,0.536678666,,,,,,
29-Jan-20,0.569512839,0.50401249,,,,,,
31-Jan-20,0.573934336,0.486414013,,,,,,
01-Feb-20,0.546560638,0.477271634,,,,,,10.09104245
02-Feb-20,0.548792668,0.47492947,,,,,,
04-Feb-20,0.57889373,0.487686664,,,,,,
05-Feb-20,0.537887516,0.451895796,,,,,,
06-Feb-20,0.552298522,0.469765822,,,,,,9.375859982
07-Feb-20,0.552298522,0.469765822,,,,,,
08-Feb-20,0.567450744,0.501696784,,,,,,
09-Feb-20,0.532381988,0.434398335,,,,,,
10-Feb-20,0.586590675,0.515781881,,,,,,
11-Feb-20,0.592039607,0.514676645,0.272954258,-0.157178656,0.24216062,8.003262673,,9.695016214
12-Feb-20,0.57586984,0.51001099,0.210776455,-0.125558126,0.252553369,7.867994668,,
13-Feb-20,0.541599614,0.447899776,,,,,,
14-Feb-20,0.608354515,0.54252023,,,,,,
15-Feb-20,0.579881608,0.506189522,,,,,,
16-Feb-20,0.572003856,0.515103951,0.135339638,-0.144861865,0.162916845,7.499185391,,10.47568031
17-Feb-20,0.547796907,0.458248045,,,,,,
18-Feb-20,0.599064325,0.550935157,,,,,,
19-Feb-20,0.611597404,0.555668874,,,,,24.20297311,
20-Feb-20,0.578842212,0.514025178,,,,,,
21-Feb-20,0.582848298,0.521696682,0.149839392,-0.181320756,0.122809425,7.8476694,,9.81302193
23-Feb-20,0.600268103,0.514240119,,,,,,
24-Feb-20,0.556820001,0.480911709,,,,,,
25-Feb-20,0.601059394,0.540829503,,,,,,
27-Feb-20,0.588417884,0.496883738,,,,,,
28-Feb-20,0.586634286,0.521245031,,,,,,
29-Feb-20,0.553942115,0.470559302,,,,,,
02-Mar-20,0.617310584,0.549666237,,,,,,10.26364811
03-Mar-20,0.592511032,0.531137159,,,,,,
04-Mar-20,0.56548283,0.500899445,,,,,,
05-Mar-20,0.56548283,0.500899445,,,,,,
06-Mar-20,0.60226503,0.553430128,,,,,25.49693783,
07-Mar-20,0.566277533,0.487171445,,,,,,10.7227023
08-Mar-20,0.601026609,0.547096524,,,,,,
09-Mar-20,0.606202277,0.555471241,,,,,,
10-Mar-20,0.642252756,0.616993277,,,,,,
11-Mar-20,0.582913719,0.516102014,,,,,,
12-Mar-20,0.618221549,0.570973947,,,,,,11.38084297
13-Mar-20,0.631824524,0.587779701,,,,,,
14-Mar-20,0.591731353,0.54167443,,,,,,
15-Mar-20,0.571303672,0.491984203,,,,,,
16-Mar-20,0.613913424,0.575767765,,,,,,
17-Mar-20,0.61722358,0.57527692,0.453128358,-0.340789736,0.147192631,8.147067811,,11.33257999
18-Mar-20,0.58819677,0.529546813,,,,,,
19-Mar-20,0.592450839,0.537287703,,,,,,
21-Mar-20,0.613721957,0.552154873,,,,,,
22-Mar-20,0.587068002,0.543457911,0.570178403,-0.415971622,0.111795504,8.149685255,30.39546912,11.36212868
23-Mar-20,0.616567601,0.584924861,,,,,,
25-Mar-20,0.618401366,0.567173261,,,,,,
26-Mar-20,0.585959669,0.536975754,,,,,,
27-Mar-20,0.606451673,0.553042686,,,,,,
29-Mar-20,0.611076649,0.548725991,,,,,,
30-Mar-20,0.596459762,0.553968231,,,,,,
31-Mar-20,0.55524922,0.514009931,,,,,,
01-Apr-20,0.55524922,0.514009931,,,,,,11.70771478
02-Apr-20,0.601008749,0.57385353,,,,,,
03-Apr-20,0.551959694,0.488915948,,,,,,
04-Apr-20,0.5960383,0.562506385,,,,,,
05-Apr-20,0.615916199,0.595774894,,,,,,
06-Apr-20,0.594492615,0.55757788,,,,,,8.416050656
07-Apr-20,0.573081811,0.513649007,,,,,38.41919376,
08-Apr-20,0.619577096,0.585910936,,,,,,
09-Apr-20,0.608813461,0.555817882,,,,,,
10-Apr-20,0.590655663,0.561159754,,,,,,
11-Apr-20,0.558973392,0.487684921,,,,,,7.51560589
12-Apr-20,0.59566374,0.549328073,,,,,,
13-Apr-20,0.618859736,0.57584153,,,,,,
14-Apr-20,0.601461999,0.581400609,,,,,,
15-Apr-20,0.581301573,0.502340268,,,,,,
17-Apr-20,0.616136405,0.572630032,,,,,,
18-Apr-20,0.596788407,0.560208724,,,,,,
19-Apr-20,0.633781531,0.599449705,,,,,,
21-Apr-20,0.624489447,0.564973672,0.248541899,-0.099998244,0.11029049,8.061929941,,5.463592271
22-Apr-20,0.594383207,0.566848691,,,,,,
23-Apr-20,0.584699128,0.555567891,,,,,41.66986099,
25-Apr-20,0.6155274,0.556028842,,,,,,
26-Apr-20,0.592429063,0.572014275,0.298875686,-0.128061531,0.159400372,8.055254935,,2.345991863
27-Apr-20,0.576884174,0.537795604,,,,,,
28-Apr-20,0.576884174,0.537795604,,,,,,
29-Apr-20,0.61099288,0.577087971,,,,,,
30-Apr-20,0.582027187,0.542922926,,,,,,
01-May-20,0.642214926,0.609339311,,,,,,2.790890858
02-May-20,0.656644409,0.657319168,,,,,,
03-May-20,0.598689406,0.569080068,,,,,,
04-May-20,0.578861235,0.520451429,,,,,,
05-May-20,0.636415649,0.623514962,,,,,,
06-May-20,0.62728572,0.613613354,0.203432649,-0.086722166,0.148327334,7.930773341,,3.583434584
07-May-20,0.596142086,0.566852455,,,,,,
08-May-20,0.577167192,0.518058048,,,,,,
09-May-20,0.621061901,0.599172876,,,,,44.74675445,
10-May-20,0.616961826,0.594706969,,,,,,
11-May-20,0.58909041,0.541205661,,,,,,39.7268494
12-May-20,0.61681594,0.591639177,,,,,,
14-May-20,0.613922771,0.576536963,,,,,,
15-May-20,0.588557622,0.565017699,,,,,,
16-May-20,0.579518176,0.548393553,0.248627285,-0.089688264,0.151961685,8.004423354,,5.560285265
18-May-20,0.613848303,0.564727909,,,,,,
19-May-20,0.590090566,0.557221166,,,,,,
20-May-20,0.588038832,0.559287306,,,,,,
22-May-20,0.611403391,0.555936206,,,,,,
23-May-20,0.592224828,0.57445965,,,,,,
24-May-20,0.585806436,0.564918686,,,,,,
25-May-20,0.585806436,0.564918686,,,,,48.421423,
26-May-20,0.631799764,0.620177207,0.271771211,-0.129635892,0.143223917,8.039994061,,4.37550686
27-May-20,0.59115149,0.557101051,,,,,,
28-May-20,0.607832658,0.594133467,,,,,,
29-May-20,0.640836956,0.642613355,,,,,,
30-May-20,0.607483963,0.589762797,,,,,,
31-May-20,0.587094146,0.543423077,0.285789606,-0.145023538,0.113398226,8.073609598,,4.464167756
01-Jun-20,0.62855606,0.614050285,,,,,,
02-Jun-20,0.608728981,0.577120668,0.100383694,-0.124189748,0.162197047,7.639192673,,
03-Jun-20,0.628605457,0.597507797,,,,,,
04-Jun-20,0.607456719,0.54362458,0.204093069,-0.076863,0.173713572,7.995205882,,
05-Jun-20,0.633005354,0.592341966,0.223066573,-0.082132781,0.15163606,8.009255141,,4.889056689
06-Jun-20,0.624016918,0.584620041,,,,,,
07-Jun-20,0.608521135,0.560721441,,,,,,
08-Jun-20,0.556413941,0.523622657,,,,,,
10-Jun-20,0.596250022,0.554719762,,,,,50.4005583,5.610143608
11-Jun-20,0.546788225,0.51653621,,,,,,
12-Jun-20,0.467334963,0.364997035,,,,,,
14-Jun-20,0.58685583,0.53146684,,,,,,
15-Jun-20,0.583130026,0.537135974,,,,,,
16-Jun-20,0.62741211,0.590788247,,,,,,
18-Jun-20,0.590163203,0.530766324,,,,,,
19-Jun-20,0.54247112,0.49981351,,,,,,
20-Jun-20,0.516977359,0.467076973,,,,,,
21-Jun-20,0.516977359,0.467076973,,,,,,
22-Jun-20,0.541680741,0.525340172,,,,,,
23-Jun-20,0.62993601,0.591771668,,,,,,
24-Jun-20,0.628810068,0.589961974,,,,,,
25-Jun-20,0.556251276,0.532879432,,,,,,
26-Jun-20,0.611455776,0.583881273,,,,,41.89207705,
27-Jun-20,0.587291382,0.537515477,,,,,,
28-Jun-20,0.6028214,0.567785538,,,,,,
29-Jun-20,0.517920736,0.481674438,,,,,,
30-Jun-20,0.518315519,0.504039105,0.205812346,-0.097646085,0.186717512,7.884084019,,7.139351678
01-Jul-20,0.555904274,0.497731318,,,,,,
02-Jul-20,0.565856176,0.526322635,,,,,,
03-Jul-20,0.566417262,0.545387652,0.118679359,-0.096857858,0.171686312,7.708627238,,
04-Jul-20,0.585425721,0.530078608,,,,,,
05-Jul-20,0.503825308,0.473465771,,,,,,
07-Jul-20,0.56863215,0.522373216,,,,,,
08-Jul-20,0.616573913,0.591388925,,,,,,
09-Jul-20,0.619747839,0.588451804,,,,,,
11-Jul-20,0.641976107,0.616017768,0.303410929,-0.181213062,0.233458094,8.086480874,,
12-Jul-20,0.555842745,0.532281034,0.283720592,-0.160470061,0.205753245,8.029194809,32.3919346,
13-Jul-20,0.632453017,0.596426687,,,,,,
15-Jul-20,0.568695443,0.507681975,,,,,,
16-Jul-20,0.627015061,0.599507611,,,,,,
17-Jul-20,0.610626809,0.568608557,,,,,,
18-Jul-20,0.610626809,0.568608557,,,,,,
19-Jul-20,0.616011153,0.603948716,,,,,,
20-Jul-20,0.580068256,0.547274246,,,,,,
21-Jul-20,0.578680452,0.533837779,,,,,,
22-Jul-20,0.602601162,0.58086455,,,,,,
23-Jul-20,0.487499883,0.481231888,,,,,,
24-Jul-20,0.514009253,0.45904121,,,,,,
25-Jul-20,0.577528985,0.563546241,,,,,,
26-Jul-20,0.561714523,0.520566875,,,,,,
27-Jul-20,0.5276816,0.511202981,,,,,,
28-Jul-20,0.591853165,0.543816931,,,,,-0.237289994,
29-Jul-20,0.605809496,0.588044596,,,,,,
30-Jul-20,0.640047679,0.62347118,,,,,,
31-Jul-20,0.561972351,0.529415571,,,,,,
01-Aug-20,0.53009731,0.50290805,,,,,,
03-Aug-20,0.580145333,0.553939264,,,,,,
04-Aug-20,0.626802645,0.609685484,,,,,,
05-Aug-20,0.630929955,0.599815853,,,,,,
07-Aug-20,0.627096412,0.584450825,,,,,,
08-Aug-20,0.525971653,0.49937577,,,,,,
09-Aug-20,0.625663297,0.586201777,,,,,,
11-Aug-20,0.624844039,0.577984366,,,,,,
12-Aug-20,0.640247508,0.604669488,,,,,,
13-Aug-20,0.616668127,0.582745107,,,,,,
14-Aug-20,0.616668127,0.582745107,,,,,,
15-Aug-20,0.638837948,0.621753089,,,,,,
16-Aug-20,0.62916796,0.590729088,,,,,,
17-Aug-20,0.634270115,0.601662175,,,,,,
18-Aug-20,0.620553448,0.581360085,,,,,,
19-Aug-20,0.624848905,0.590795147,,,,,,
20-Aug-20,0.62603194,0.581211648,,,,,,
21-Aug-20,0.626156862,0.590648816,,,,,,
22-Aug-20,0.622199364,0.580118634,,,,,,
23-Aug-20,0.625023348,0.593062962,,,,,,
24-Aug-20,0.602370932,0.551891244,,,,,,
25-Aug-20,0.634696929,0.599581746,,,,,,
26-Aug-20,0.637737472,0.610564222,,,,,,
27-Aug-20,0.482702696,0.440664585,,,,,,
28-Aug-20,0.625029441,0.590569147,,,,,,
30-Aug-20,0.624013814,0.58525411,,,,,,
31-Aug-20,0.610626628,0.574704328,,,,,,
01-Sep-20,0.465528746,0.428406694,,,,,,
03-Sep-20,0.5680123,0.508765491,,,,,,
04-Sep-20,0.587632829,0.555161497,,,,,,
05-Sep-20,0.487802907,0.449334141,,,,,,
07-Sep-20,0.584516887,0.537729727,,,,,,
08-Sep-20,0.556628149,0.523034244,,,,,,
09-Sep-20,0.499858826,0.458577972,,,,,,
10-Sep-20,0.499858826,0.458577972,,,,,,
11-Sep-20,0.574042467,0.547078441,,,,,,
12-Sep-20,0.581506755,0.544407937,,,,,,
13-Sep-20,0.508830803,0.459528092,,,,,,
14-Sep-20,0.53736673,0.506698867,,,,,29.70212783,
15-Sep-20,0.488847552,0.447417934,,,,,,
16-Sep-20,0.484811813,0.418449136,,,,,,
17-Sep-20,0.541694552,0.485649694,,,,,,
18-Sep-20,0.548991632,0.487937919,,,,,,
19-Sep-20,0.505834552,0.469345571,,,,,,
20-Sep-20,0.490525619,0.416697602,,,,,,
21-Sep-20,0.515986424,0.461322025,,,,,,
22-Sep-20,0.540450618,0.475588045,,,,,,
23-Sep-20,0.602854022,0.555550502,,,,,,
24-Sep-20,0.627213206,0.596790647,,,,,,
26-Sep-20,0.623881868,0.582372829,,,,,,
27-Sep-20,0.59576542,0.558510823,,,,,,
28-Sep-20,0.572374614,0.521351337,0.269335914,-0.174080331,0.217975142,7.974956543,,5.866619404
30-Sep-20,0.5818885,0.51434905,,,,,38.39392075,
01-Oct-20,0.476973434,0.438868412,,,,,,
02-Oct-20,0.477367449,0.43746439,,,,,,
04-Oct-20,0.57059245,0.50949245,,,,,,
05-Oct-20,0.494279888,0.455523251,,,,,,
06-Oct-20,0.50620695,0.471630911,0.243606336,-0.126169364,0.163736026,7.892736107,,
07-Oct-20,0.50620695,0.471630911,,,,,,
08-Oct-20,0.561405691,0.529229317,,,,,,
09-Oct-20,0.501196985,0.448200278,,,,,,
10-Oct-20,0.599205027,0.561667524,,,,,,
11-Oct-20,0.560114738,0.52497725,,,,,,
12-Oct-20,0.524641546,0.470546836,,,,,,
13-Oct-20,0.509430458,0.436409036,,,,,,
14-Oct-20,0.556708197,0.49795917,,,,,,
15-Oct-20,0.53654934,0.468544565,,,,,,
16-Oct-20,0.540257957,0.514949744,,,,,33.38388877,
17-Oct-20,0.526989233,0.459886448,,,,,,
18-Oct-20,0.554512933,0.496636504,0.305230673,-0.172997558,0.249741372,7.991258112,,7.838270425
19-Oct-20,0.59198182,0.544421075,,,,,,
20-Oct-20,0.508398862,0.436354551,,,,,,
21-Oct-20,0.539959867,0.477627917,,,,,,
23-Oct-20,0.538005151,0.448141427,0.306649253,-0.204367613,0.260314653,7.931539693,,5.872915126
24-Oct-20,0.511230768,0.451616463,,,,,,
25-Oct-20,0.567407951,0.518002009,,,,,,
27-Oct-20,0.577268651,0.51516439,,,,,,
28-Oct-20,0.52022068,0.456611959,0.280151768,-0.173008195,0.23350779,8.036972868,,4.726266848
29-Oct-20,0.518980769,0.457021723,,,,,,
31-Oct-20,0.570823622,0.480845538,,,,,,
01-Nov-20,0.526130015,0.449279533,,,,,17.2638147,
02-Nov-20,0.529712394,0.466388107,0.12480037,-0.118489961,0.163796308,7.703919234,,3.889990367
03-Nov-20,0.529712394,0.466388107,,,,,,
04-Nov-20,0.582906071,0.53888515,0.156168101,-0.104859697,0.160588089,7.797690476,,
05-Nov-20,0.526452354,0.435937995,0.073706216,0.012329812,0.109442114,7.752788663,,
06-Nov-20,0.600163456,0.551511103,,,,,,
07-Nov-20,0.593886821,0.539767911,,,,,,3.35916509
08-Nov-20,0.549848255,0.480589306,,,,,,
09-Nov-20,0.533084144,0.44292612,,,,,,
10-Nov-20,0.572560285,0.50040267,,,,,,
11-Nov-20,0.561131475,0.479863378,,,,,,
12-Nov-20,0.551320684,0.484747548,,,,,,3.030400659
13-Nov-20,0.533746772,0.429462473,,,,,,
14-Nov-20,0.564947223,0.488218325,,,,,,
15-Nov-20,0.580937367,0.50851985,,,,,,
16-Nov-20,0.552343523,0.465825756,,,,,,
17-Nov-20,0.575257793,0.510928699,0.277604768,-0.161910195,0.229744157,8.001070287,30.36064194,4.578061513
19-Nov-20,0.583702037,0.511090283,,,,,,
20-Nov-20,0.532204427,0.456724663,,,,,,
21-Nov-20,0.563554639,0.492082079,,,,,,
23-Nov-20,0.554221531,0.454232904,,,,,,
24-Nov-20,0.525326978,0.451743888,,,,,,
25-Nov-20,0.531688592,0.448497329,,,,,,
26-Nov-20,0.516668492,0.436614101,,,,,,
27-Nov-20,0.516668492,0.436614101,0.266732526,-0.160960183,0.228601879,8.001867025,,3.134958646
28-Nov-20,0.493639731,0.409177796,,,,,,
29-Nov-20,0.542253645,0.466752957,,,,,,
30-Nov-20,0.542253645,0.466752957,,,,,,
01-Dec-20,0.589952344,,0.301020428,-0.173027164,0.18033477,8.013823277,,
02-Dec-20,0.500357381,,,,,,,3.347227976
03-Dec-20,0.551283365,,0.293315502,-0.159020374,0.116528972,8.225215775,30.40234178,
04-Dec-20,0.556288169,,,,,,,
05-Dec-20,0.564752332,,,,,,,
06-Dec-20,0.490718566,,,,,,,
07-Dec-20,0.559293106,,,,,,,4.692495829
08-Dec-20,0.535775662,,,,,,,
09-Dec-20,0.505362643,,,,,,,
10-Dec-20,0.505362643,,,,,,,
11-Dec-20,0.515581677,,0.274526374,-0.155020533,0.242186969,8.012816343,,
12-Dec-20,0.533787366,,,,,,,
13-Dec-20,0.571914682,,,,,,,
14-Dec-20,0.563381548,,,,,,,
15-Dec-20,0.596845092,,,,,,,
16-Dec-20,0.580370624,,,,,,,
17-Dec-20,0.601657955,,0.336702339,-0.179025187,0.208082674,8.006644789,,6.162116752
18-Dec-20,0.499929956,,,,,,,
19-Dec-20,0.492193283,,,,,,29.09418821,
20-Dec-20,0.492193283,,,,,,,
21-Dec-20,0.484831994,,,,,,,
22-Dec-20,0.502016495,,0.274953952,-0.135386272,0.23280154,7.976575589,,6.14622185
23-Dec-20,0.517765034,,,,,,,
24-Dec-20,0.517765034,,,,,,,
25-Dec-20,0.490579973,,,,,,,
26-Dec-20,0.493981007,,,,,,,
27-Dec-20,0.493981007,,0.382458532,-0.222284218,0.168864632,8.113759092,,5.111226532
28-Dec-20,0.520818697,,,,,,,
29-Dec-20,0.472338269,,,,,,,
30-Dec-20,0.51904863,,,,,,,
01-Jan-21,0.505381956,,0.307199027,-0.148411389,0.190977501,7.960776784,,5.747225826
02-Jan-21,0.508966185,,,,,,,
03-Jan-21,0.516729199,,,,,,,
04-Jan-21,0.488312667,,0.28453517,-0.125012356,0.173699046,8.068535413,22.71549557,
05-Jan-21,0.580000303,,,,,,,
06-Jan-21,0.580000303,,,,,,,3.981015078
07-Jan-21,0.490868703,,,,,,,
08-Jan-21,0.582132204,,,,,,,
09-Jan-21,0.469163895,,,,,,,
10-Jan-21,0.57925677,,,,,,,
11-Jan-21,0.602428776,,,,,,,
12-Jan-21,0.550416893,,,,,,,
13-Jan-21,0.495228421,,,,,,,
14-Jan-21,0.515211323,,,,,,,
15-Jan-21,0.524956498,,,,,,,
16-Jan-21,0.524956498,,0.203423275,-0.080633496,0.226766337,7.821337463,,6.658532929
17-Jan-21,0.487263808,,,,,,,
18-Jan-21,0.503847938,,,,,,,
19-Jan-21,0.483072807,,,,,,,
20-Jan-21,0.483072807,,,,,,-35.37103212,
21-Jan-21,0.490630413,,0.308740894,-0.142454454,0.196570858,7.98296526,,5.985429823
22-Jan-21,0.51157539,,,,,,,
23-Jan-21,0.51157539,,,,,,,
24-Jan-21,0.539673288,,,,,,,
25-Jan-21,0.491215671,,,,,,,
26-Jan-21,0.527393952,,0.278490731,-0.147797002,0.170395305,8.030813902,,3.619664864
27-Jan-21,0.531831422,,,,,,,
28-Jan-21,0.536017053,,,,,,,
29-Jan-21,0.472153933,,,,,,,
30-Jan-21,0.545353367,,,,,,,
31-Jan-21,0.502741048,,0.477504572,-0.229909967,0.164446876,8.278258818,,5.97476097
01-Feb-21,0.519441857,,,,,,,
02-Feb-21,0.519441857,,,,,,,
03-Feb-21,0.547572647,,0.389988174,-0.19565338,0.144513123,8.127927962,,
04-Feb-21,0.547193958,,,,,,,
05-Feb-21,0.508484048,,,,,,27.66878029,5.03497398
06-Feb-21,0.490768993,,,,,,,
07-Feb-21,0.509307326,,,,,,,
08-Feb-21,0.490912513,,,,,,,
09-Feb-21,0.538239676,,,,,,,
10-Feb-21,0.565833077,,,,,,,3.803479104
11-Feb-21,0.553493677,,0.282930485,-0.156607174,0.250592466,8.108567001,,
12-Feb-21,0.553493677,,,,,,,
13-Feb-21,0.528387476,,,,,,,
14-Feb-21,0.538456986,,,,,,,
15-Feb-21,0.532087217,,0.395220136,-0.213170633,0.128199258,8.153297348,,3.330438767
16-Feb-21,0.532087217,,,,,,,
17-Feb-21,0.503342858,,,,,,,
18-Feb-21,0.505410416,,,,,,,
19-Feb-21,0.505410416,,,,,,,
20-Feb-21,0.568717223,,0.359832379,-0.151727248,0.154932871,8.113699176,,4.221355316
21-Feb-21,0.497438595,,,,,,27.14266563,
22-Feb-21,0.540195194,,,,,,,
23-Feb-21,0.561260429,,,,,,,
24-Feb-21,0.566424764,,,,,,,
25-Feb-21,0.518138729,,0.384325685,-0.201638659,0.14075215,8.149529531,,3.206807775
26-Feb-21,0.566486371,,,,,,,
27-Feb-21,0.556669796,,,,,,,
28-Feb-21,0.54510758,,,,,,,
01-Mar-21,0.54510758,,,,,,,
02-Mar-21,0.615749787,,,,,,,3.804616154
03-Mar-21,0.617813277,,,,,,,
04-Mar-21,0.560562235,,,,,,,
06-Mar-21,0.607797368,,,,,,,
07-Mar-21,0.610503204,,,,,,,3.53747042
08-Mar-21,0.59906643,,,,,,,
09-Mar-21,0.579552799,,,,,,30.60388696,
10-Mar-21,0.572259617,,,,,,,
11-Mar-21,0.572259617,,,,,,,
12-Mar-21,0.595819591,,,,,,,
13-Mar-21,0.596212939,,,,,,,
14-Mar-21,0.568428844,,,,,,,
15-Mar-21,0.568428844,,,,,,,
16-Mar-21,0.560004623,,,,,,,
17-Mar-21,0.540589512,,0.398236222,-0.194647012,0.140499247,8.198285319,,4.371796024
18-Mar-21,0.540589512,,,,,,,
19-Mar-21,0.544617591,,,,,,,
20-Mar-21,0.518796028,,,,,,,
21-Mar-21,0.543511688,,,,,,,
22-Mar-21,0.537035365,,,,,,,
23-Mar-21,0.533984159,,,,,,,
24-Mar-21,0.519874458,,,,,,,
25-Mar-21,0.568152726,,,,,,38.30920269,
26-Mar-21,0.546262258,,,,,,,
27-Mar-21,0.544577648,,0.177473374,-0.073955716,0.178934689,7.849886393,,3.115316057
28-Mar-21,0.544577648,,,,,,,
29-Mar-21,0.573243608,,,,,,,
30-Mar-21,0.583256372,,,,,,,
31-Mar-21,0.544369455,,,,,,,
01-Apr-21,0.605391927,,,,,,,3.711888026
02-Apr-21,0.573593219,,,,,,,
03-Apr-21,0.57218083,,,,,,,
04-Apr-21,0.549927303,,,,,,,
05-Apr-21,0.569846869,,,,,,,
06-Apr-21,0.566926567,,,,,,,2.696555101
07-Apr-21,0.566926567,,,,,,,
08-Apr-21,0.55903964,,,,,,,
09-Apr-21,0.569902381,,,,,,,
10-Apr-21,0.552030634,,,,,,35.74100012,
11-Apr-21,0.552030634,,,,,,,3.070745522
12-Apr-21,0.550374108,,,,,,,
13-Apr-21,0.550815928,,,,,,,
14-Apr-21,0.550815928,,,,,,,
15-Apr-21,0.58674789,,,,,,,
16-Apr-21,0.547384578,,0.170463092,-0.062678774,0.168615239,7.932349858,,3.411835354
17-Apr-21,0.58011476,,,,,,,
18-Apr-21,0.560536569,,,,,,,
19-Apr-21,0.56958142,,,,,,,
20-Apr-21,0.536277489,,,,,,,
21-Apr-21,0.59071187,,,,,,,
22-Apr-21,0.594552934,,,,,,,
23-Apr-21,0.581878354,,,,,,,
24-Apr-21,0.581878354,,,,,,,
25-Apr-21,0.592355508,,,,,,,
26-Apr-21,0.568515092,,0.235140743,-0.073796925,0.167404251,8.00220946,41.50097011,3.44736997
27-Apr-21,0.56311532,,,,,,,
28-Apr-21,0.583505744,,,,,,,
29-Apr-21,0.572100746,,,,,,,
30-Apr-21,0.572283895,,,,,,,
01-May-21,0.567335598,,,,,,,
02-May-21,0.565596087,,0.437885557,-0.253092916,0.129366091,8.202852766,,
03-May-21,0.549273344,,,,,,,
04-May-21,0.549273344,,,,,,,
05-May-21,0.571139172,,,,,,,
06-May-21,0.563260652,,,,,,,1.633013759
07-May-21,0.558760388,,0.271602592,-0.105076337,0.1780827,8.072280457,,
08-May-21,0.558760388,,,,,,,
09-May-21,0.576996254,,,,,,,
10-May-21,0.57651936,,,,,,,
11-May-21,0.57651936,,,,,,,3.426825396
12-May-21,0.593963697,,,,,,46.32625812,
13-May-21,0.553687275,,,,,,,
14-May-21,0.601186409,,,,,,,
15-May-21,0.630488687,,,,,,,
16-May-21,0.582463016,,0.325606492,-0.144199508,0.159137373,8.123806297,,2.513687295
17-May-21,0.552114291,,,,,,,
18-May-21,0.586175983,,,,,,,
19-May-21,0.596564041,,,,,,,
20-May-21,0.534279994,,,,,,,
21-May-21,0.534279994,,0.292274905,-0.124944321,0.184271647,8.01933937,,3.399448746
22-May-21,0.580938643,,,,,,,
23-May-21,0.589209852,,,,,,,
24-May-21,0.535391314,,,,,,,
25-May-21,0.579327552,,,,,,,
26-May-21,0.573635457,,0.302839018,-0.138370608,0.166258771,8.112240092,,1.221451575
27-May-21,0.573005828,,,,,,,
28-May-21,0.570003265,,,,,,49.80629483,
29-May-21,0.590325199,,,,,,,
30-May-21,0.543980955,,,,,,,
31-May-21,0.543980955,,,,,,,
01-Jun-21,0.566436208,,0.156263689,-0.095420566,0.217033866,7.75180591,,
02-Jun-21,0.568216721,,,,,,,
03-Jun-21,0.562421517,,,,,,,
04-Jun-21,0.562421517,,0.316425545,-0.127729586,0.149392888,8.147370776,,
05-Jun-21,0.567433935,,0.297678282,-0.121355921,0.167828006,8.094981267,,
06-Jun-21,0.560516912,,,,,,,
07-Jun-21,0.560516912,,,,,,,
08-Jun-21,0.558398917,,,,,,,
09-Jun-21,0.573522366,,,,,,,
10-Jun-21,0.536150706,,,,,,,
11-Jun-21,0.583688937,,,,,,,
12-Jun-21,0.543824023,,,,,,,
13-Jun-21,0.517093718,,,,,,34.85943579,
14-Jun-21,0.599376279,,,,,,,
15-Jun-21,0.598247368,,,,,,,
16-Jun-21,0.531466204,,,,,,,
17-Jun-21,0.531466204,,,,,,,
18-Jun-21,0.572589419,,,,,,,
19-Jun-21,0.585087754,,,,,,,
20-Jun-21,0.556169526,,,,,,,
21-Jun-21,0.588043207,,,,,,,
22-Jun-21,0.591696897,,,,,,,
23-Jun-21,0.604042879,,,,,,,
24-Jun-21,0.573186731,,,,,,,
25-Jun-21,0.591027941,,,,,,,
26-Jun-21,0.54720231,,,,,,,
27-Jun-21,0.54720231,,,,,,,
28-Jun-21,0.522638227,,,,,,,
29-Jun-21,0.523035281,,,,,,36.8808162,
30-Jun-21,0.528046228,,,,,,,
01-Jul-21,0.528046228,,,,,,,
02-Jul-21,0.5611004,,,,,,,
03-Jul-21,0.565021067,,0.418374062,-0.23135972,0.121621543,8.226566733,,
04-Jul-21,0.565021067,,,,,,,
05-Jul-21,0.559824609,,,,,,,2.169203164
06-Jul-21,0.555183843,,,,,,,
07-Jul-21,0.55986849,,,,,,,
08-Jul-21,0.582896439,,,,,,,
09-Jul-21,0.592198098,,,,,,,
10-Jul-21,0.521611904,,,,,,,
11-Jul-21,0.575935017,,0.293725807,-0.152872263,0.271471104,8.057160926,,
12-Jul-21,0.574370649,,0.191290743,-0.096991949,0.209857811,7.891162779,,
13-Jul-21,0.553642813,,,,,,,
14-Jul-21,0.553642813,,,,,,,
15-Jul-21,0.526241601,,,,,,33.78407787,
16-Jul-21,0.579798645,,,,,,,
17-Jul-21,0.53014845,,,,,,,
18-Jul-21,0.550186291,,,,,,,
19-Jul-21,0.53715944,,,,,,,
20-Jul-21,0.571322844,,,,,,,
21-Jul-21,0.583679636,,,,,,,
22-Jul-21,0.591800274,,,,,,,
23-Jul-21,0.582549931,,,,,,,
24-Jul-21,0.582549931,,,,,,,
25-Jul-21,0.586469975,,,,,,,
26-Jul-21,0.589920935,,,,,,,
27-Jul-21,0.580791002,,,,,,,
28-Jul-21,0.580791002,,,,,,,
29-Jul-21,0.592930506,,,,,,,
30-Jul-21,0.588182267,,,,,,,
31-Jul-21,0.588182267,,,,,,,
01-Aug-21,0.59300279,,,,,,,
02-Aug-21,0.582613025,,,,,,,
03-Aug-21,0.588226772,,,,,,,
04-Aug-21,0.596665421,,,,,,,
05-Aug-21,0.587161718,,,,,,,
06-Aug-21,0.582990448,,,,,,,
07-Aug-21,0.58376043,,,,,,,
08-Aug-21,0.584147174,,,,,,,
09-Aug-21,0.581468818,,,,,,,
10-Aug-21,0.581468818,,,,,,,
11-Aug-21,0.582948187,,,,,,,
12-Aug-21,0.579189916,,,,,,,
13-Aug-21,0.525558328,,,,,,,
14-Aug-21,0.520027404,,,,,,,
15-Aug-21,0.514650801,,,,,,,
16-Aug-21,0.544063911,,,,,,34.45142186,
17-Aug-21,0.516296523,,,,,,,
18-Aug-21,0.561451609,,,,,,,
19-Aug-21,0.56385457,,,,,,,
20-Aug-21,0.56385457,,,,,,,
21-Aug-21,0.596663145,,,,,,,
22-Aug-21,0.591089347,,,,,,,
23-Aug-21,0.600231548,,,,,,,
24-Aug-21,0.600231548,,,,,,,
25-Aug-21,0.594384945,,,,,,,
26-Aug-21,0.595129419,,,,,,,
27-Aug-21,0.595129419,,,,,,,
28-Aug-21,0.593551688,,,,,,,
29-Aug-21,0.595227568,,,,,,,
30-Aug-21,0.519814139,,,,,,,
31-Aug-21,0.582123805,,,,,,,
01-Sep-21,0.592962057,,,,,,,
02-Sep-21,0.589331136,,,,,,,
03-Sep-21,0.580648206,,,,,,,
04-Sep-21,0.589998335,,,,,,,
05-Sep-21,0.583583852,,,,,,,
06-Sep-21,0.583583852,,,,,,,
07-Sep-21,0.545345954,,,,,,,
08-Sep-21,0.580201598,,,,,,,
09-Sep-21,0.54532602,,,,,,,
10-Sep-21,0.586220085,,,,,,,
11-Sep-21,0.588979601,,,,,,,
12-Sep-21,0.57971648,,,,,,,
13-Sep-21,0.601048633,,,,,,,
14-Sep-21,0.544689121,,,,,,,
15-Sep-21,0.571482321,,,,,,,
16-Sep-21,0.571482321,,,,,,,
17-Sep-21,0.500612403,,,,,,,
18-Sep-21,0.587645655,,,,,,,
19-Sep-21,0.577396205,,,,,,,
20-Sep-21,0.577396205,,,,,,,
21-Sep-21,0.600545902,,,,,,,
23-Sep-21,0.600545902,,,,,,,
24-Sep-21,0.563735137,,,,,,,
25-Sep-21,0.593911529,,,,,,,
26-Sep-21,0.570622635,,,,,,,
27-Sep-21,0.558122078,,,,,,,
28-Sep-21,0.600547839,,,,,,,
29-Sep-21,0.577901671,,,,,,,
30-Sep-21,0.567999576,,,,,,,
01-Oct-21,0.551825667,,,,,,,
02-Oct-21,0.494639423,,0.234032075,-0.107259977,0.183772815,7.862174406,,
03-Oct-21,0.494639423,,,,,,37.66003931,
04-Oct-21,0.515621446,,,,,,,
05-Oct-21,0.543733315,,,,,,,
06-Oct-21,0.4995407,,,,,,,
07-Oct-21,0.521100154,,,,,,,
08-Oct-21,0.498918674,,,,,,,
09-Oct-21,0.557337119,,,,,,,
10-Oct-21,0.503257641,,,,,,,
11-Oct-21,0.524981541,,,,,,,
14-Oct-21,0.53301459,,,,,,,
16-Oct-21,0.534941505,,,,,,,
19-Oct-21,0.509717677,,,,,,7.882147341,
20-Oct-21,0.509717677,,,,,,,
23-Oct-21,0.469540994,,0.34591604,-0.211099571,0.250242479,8.065589708,,4.214840372
24-Oct-21,0.52709449,,,,,,,
25-Oct-21,0.505059433,,,,,,,
26-Oct-21,0.473076053,,,,,,,
29-Oct-21,0.522026879,,,,,,,
30-Oct-21,0.522026879,,,,,,,
31-Oct-21,0.525258051,,,,,,,
01-Nov-21,0.536949542,,,,,,,
02-Nov-21,0.487691613,,,,,,,2.344601892
03-Nov-21,0.536938702,,,,,,,
04-Nov-21,0.501217043,,0.238916832,-0.082487565,0.164677273,8.016469228,25.71462501,
05-Nov-21,0.53609428,,0.263326231,-0.096863225,0.164975365,8.036790778,,
06-Nov-21,0.492139677,,,,,,,
07-Nov-21,0.506384701,,,,,,,3.376425189
08-Nov-21,0.487275302,,,,,,,
09-Nov-21,0.487275302,,,,,,,
10-Nov-21,0.488993578,,,,,,,
11-Nov-21,0.508211409,,,,,,,
12-Nov-21,0.496457925,,,,,,,24.02398909
13-Nov-21,0.496457925,,,,,,,
14-Nov-21,0.489471945,,,,,,,
15-Nov-21,0.501763831,,,,,,,
16-Nov-21,0.501763831,,,,,,,
17-Nov-21,0.5268273,,,,,,,
18-Nov-21,0.47401558,,,,,,,
19-Nov-21,0.597847431,,,,,,,
20-Nov-21,0.511587256,,,,,,28.90854497,
21-Nov-21,0.505464091,,,,,,,
22-Nov-21,0.518986459,,,,,,,
23-Nov-21,0.525426354,,,,,,,
24-Nov-21,0.499557083,,,,,,,
25-Nov-21,0.489136517,,,,,,,
26-Nov-21,0.489136517,,,,,,,
27-Nov-21,0.531328175,,0.257041955,-0.12520701,0.255707314,8.002175375,,5.465657352
28-Nov-21,0.52038742,,,,,,,
29-Nov-21,0.49869014,,,,,,,
30-Nov-21,0.53676345,,,,,,,
01-Dec-21,0.552415194,,,,,,,
02-Dec-21,0.530947482,0.398362614,,,,,,
03-Dec-21,0.580807446,0.539705115,,,,,,
04-Dec-21,0.528613637,0.480564656,,,,,,
05-Dec-21,0.484071162,0.418049575,,,,,,
06-Dec-21,0.484071162,0.418049575,,,,,28.20783866,
07-Dec-21,0.482624211,0.407970592,,,,,,6.2912841
08-Dec-21,0.513417923,0.455902456,,,,,,
09-Dec-21,0.474926932,0.409703376,,,,,,
10-Dec-21,0.474926932,0.409703376,,,,,,
11-Dec-21,0.477610531,0.402848795,0.082353959,-0.023545846,-0.01782608,7.403000643,,
12-Dec-21,0.504636387,0.424577686,0.088011218,-0.071990874,0.259110942,7.707359992,,2.566016455
13-Dec-21,0.504636387,0.424577686,,,,,,
14-Dec-21,0.523619393,0.485781,,,,,,
15-Dec-21,0.469483544,0.385249763,,,,,,
16-Dec-21,0.53102638,0.487127109,,,,,,
17-Dec-21,0.564352666,0.574024598,,,,,,
18-Dec-21,0.531057146,0.492800469,,,,,,
19-Dec-21,0.469687867,0.394487357,,,,,,
20-Dec-21,0.553766288,0.487836629,,,,,,
21-Dec-21,0.499824247,0.429832159,,,,,,
22-Dec-21,0.503420915,0.411862962,0.239264247,-0.097831943,0.233206911,7.904004148,28.67184302,7.42352382
23-Dec-21,0.503420915,0.411862962,,,,,,
24-Dec-21,0.523045158,0.437566938,,,,,,
25-Dec-21,0.5295286,0.452547048,,,,,,
26-Dec-21,0.498103496,0.411934802,,,,,,
27-Dec-21,0.529843776,0.47507022,0.235534336,-0.108896401,0.1891377,7.893609402,,8.322028236
28-Dec-21,0.491290451,0.411286375,,,,,,
29-Dec-21,0.500901162,0.427539449,,,,,,
30-Dec-21,0.486399719,0.433241977,,,,,,
31-Dec-21,,0.427706505,,,,,,
01-Jan-22,0.490083535,0.446928207,,,,,,
02-Jan-22,0.490083535,0.446928207,,,,,,
03-Jan-22,0.527905096,0.456053559,,,,,,
04-Jan-22,0.532316008,0.460248953,0.103278434,-0.020874412,0.072114422,7.858017784,,
05-Jan-22,0.505087719,0.425144004,0.103482872,-0.031623011,0.082688111,7.865432842,,
06-Jan-22,0.505087719,0.425144004,,,,,,
07-Jan-22,0.489713373,0.406802894,,,,,,
08-Jan-22,0.587008545,0.623454467,,,,,,
09-Jan-22,0.587008545,0.623454467,,,,,,
10-Jan-22,0.581191118,0.619683027,,,,,,
11-Jan-22,0.468632925,0.41048152,,,,,,
12-Jan-22,0.575685368,0.583985748,,,,,,
13-Jan-22,0.521694374,0.444044951,,,,,,
14-Jan-22,0.5200612,0.454597366,,,,,,
15-Jan-22,0.458765293,0.377600355,,,,,,
16-Jan-22,0.588229318,0.619183102,,,,,,
17-Jan-22,0.484091612,0.411291022,,,,,,
18-Jan-22,0.549306643,0.535616389,,,,,,
19-Jan-22,0.549306643,0.535616389,,,,,,
20-Jan-22,0.516475285,0.42254089,,,,,,
21-Jan-22,0.503769651,0.434198824,0.252355154,-0.112253694,0.171781473,8.031051165,,7.837718246
22-Jan-22,0.489923625,0.400060765,,,,,,
23-Jan-22,0.564444209,0.559838231,,,,,,
24-Jan-22,0.515650254,0.467848197,,,,,,
25-Jan-22,0.513853161,0.45481611,,,,,,
26-Jan-22,0.609186216,0.674901399,0.363876021,-0.157929395,0.176575018,8.00792298,,8.566512116
27-Jan-22,0.516782081,0.421285724,,,,,,
28-Jan-22,0.533457985,0.462391113,,,,,,
29-Jan-22,0.533457985,0.462391113,,,,,,
30-Jan-22,0.494361311,0.398752509,,,,,,
31-Jan-22,0.517555819,0.421832764,0.105370538,-0.037213896,0.048370476,7.783439553,,5.360835005
01-Feb-22,0.530915606,0.455779298,,,,,,
02-Feb-22,0.530915606,0.455779298,,,,,,
03-Feb-22,0.500720853,0.406659685,0.122076124,-0.025584694,0.054145907,7.829329961,,
04-Feb-22,0.534229703,0.445091884,,,,,,
05-Feb-22,0.534229703,0.445091884,,,,,,5.775077744
06-Feb-22,0.577946936,0.523210399,,,,,,
07-Feb-22,0.495512492,0.411227757,,,,,,
08-Feb-22,0.550434407,0.46742372,,,,,,
09-Feb-22,0.555421388,0.494929447,,,,,,
10-Feb-22,0.524995621,0.45479812,,,,,,5.179055805
11-Feb-22,0.494012539,0.410847942,0.123381723,-0.051267341,0.103499215,7.866234624,,
12-Feb-22,0.565815339,0.502936832,0.08628486,-0.026349849,0.082386204,7.778258093,,
13-Feb-22,0.513748626,0.443617948,,,,,,
14-Feb-22,0.5239578,0.436004207,,,,,,
15-Feb-22,0.5239578,0.436004207,0.11831692,-0.024893822,0.062051845,7.828079385,,5.171366625
16-Feb-22,0.530339661,0.484279693,,,,,,
17-Feb-22,0.533245529,0.468832313,,,,,,
18-Feb-22,0.509177662,0.425076955,,,,,,
19-Feb-22,0.530351731,0.481152001,,,,,,
20-Feb-22,0.571699733,0.593910844,0.050465351,-0.046520665,0.099552017,7.623260985,,1.205571374
21-Feb-22,0.576373057,0.600943967,,,,,,
22-Feb-22,0.538432809,0.465382679,,,,,,
23-Feb-22,0.576713487,0.506162171,,,,,,
24-Feb-22,0.550338036,0.49257085,,,,,,
25-Feb-22,0.550338036,0.49257085,,,,,,
26-Feb-22,0.527098158,0.451063143,,,,,,
27-Feb-22,0.55089554,0.473099215,,,,,,
28-Feb-22,0.539408098,0.469879973,,,,,,
01-Mar-22,0.539408098,0.469879973,,,,,,
02-Mar-22,0.522455992,0.446176309,,,,,,5.760649432
03-Mar-22,0.545919034,0.472685145,,,,,,
04-Mar-22,0.545919034,0.472685145,,,,,,
05-Mar-22,0.547047401,0.502019407,,,,,,
06-Mar-22,0.51607451,0.439151331,,,,,,
07-Mar-22,0.585780881,0.515242454,,,,,,
08-Mar-22,0.57968474,0.532946981,,,,,,
09-Mar-22,0.474840518,0.384933337,,,,,,
10-Mar-22,0.498914075,0.425438801,0.090838033,-0.022529329,0.100479793,7.908342333,,
11-Mar-22,0.568999383,0.519081501,,,,,,
12-Mar-22,0.536171472,0.46216601,,,,,,6.170114255
13-Mar-22,0.541082885,0.467044825,,,,,,
14-Mar-22,0.541082885,0.467044825,,,,,,
15-Mar-22,0.572384556,0.508179983,,,,,,
16-Mar-22,0.573171641,0.528585811,,,,,,
17-Mar-22,0.553069157,0.485585607,0.212293446,-0.08524085,0.068042888,7.962654091,,0.441002749
18-Mar-22,0.58586747,0.539707325,,,,,,
19-Mar-22,0.548228504,0.486856952,,,,,,
20-Mar-22,0.579525645,0.53620638,,,,,,
21-Mar-22,0.551183833,0.489834437,,,,,,
22-Mar-22,0.579825216,0.532537173,0.147937202,-0.036377196,0.061052553,7.939582683,,5.710451969
23-Mar-22,0.568243708,0.546103529,,,,,,
24-Mar-22,0.568243708,0.546103529,,,,,,
25-Mar-22,0.552710583,0.502897979,,,,,,
26-Mar-22,0.564695978,0.517338829,,,,,,
27-Mar-22,0.537968525,0.47451768,0.103055051,-0.019000486,0.082464104,7.811477246,,4.25647183
28-Mar-22,0.537968525,0.47451768,,,,,,
29-Mar-22,0.561695455,0.503384478,,,,,,
30-Mar-22,0.588546684,0.533659055,,,,,,
31-Mar-22,0.588546684,0.533659055,,,,,,
01-Apr-22,0.600004762,0.563602344,,,,,,4.48078262
02-Apr-22,0.567666685,0.507413737,,,,,,
03-Apr-22,0.586854934,0.536596464,,,,,,
04-Apr-22,0.601506245,0.580353332,,,,,,
05-Apr-22,0.606906703,0.557408354,,,,,,
06-Apr-22,0.548166611,0.487536336,,,,,,6.09465669
07-Apr-22,0.60207024,0.571000386,,,,,,
08-Apr-22,0.607201434,0.571490003,,,,,,
09-Apr-22,0.555106989,0.498921378,,,,,,
10-Apr-22,0.555106989,0.498921378,,,,,,
11-Apr-22,0.595095745,0.548991027,,,,,,
12-Apr-22,0.595223732,0.560282393,,,,,,
13-Apr-22,0.559676968,0.509888644,,,,,,
14-Apr-22,0.583453549,0.545027991,,,,,,
15-Apr-22,0.582021811,0.543697682,,,,,,
16-Apr-22,0.554664765,0.528672769,0.10986845,-0.03396149,0.071171949,7.873103882,,4.322567012
17-Apr-22,0.597856189,0.562659819,,,,,,
18-Apr-22,0.61730928,0.587456095,,,,,,
19-Apr-22,0.580981766,0.543883022,,,,,,
20-Apr-22,0.580981766,0.543883022,,,,,,
21-Apr-22,0.599562236,0.566895901,,,,,,
22-Apr-22,0.595123722,0.635481684,,,,,,
23-Apr-22,0.573487585,0.591417494,,,,,,
24-Apr-22,0.573487585,0.591417494,,,,,,
25-Apr-22,0.575909015,0.532048367,,,,,,
26-Apr-22,0.611313399,0.560303019,0.106054366,-0.026988743,0.080977171,7.889238385,,3.370636132
27-Apr-22,0.611313399,0.560303019,,,,,,
28-Apr-22,0.616996704,0.585803504,,,,,,
29-Apr-22,0.570886095,0.512270216,,,,,,
30-Apr-22,0.618993381,0.567751655,,,,,,
01-May-22,0.653755298,0.66815547,,,,,,2.84479288
02-May-22,0.597640492,0.572149658,0.113506349,-0.038048794,0.055509294,7.770146384,,
03-May-22,0.5718827,0.510353669,,,,,,
04-May-22,0.618008482,0.597689695,,,,,,
05-May-22,0.618883302,0.595858337,,,,,,
06-May-22,0.590524133,0.542938426,,,,,,4.937293699
07-May-22,0.590524133,0.542938426,,,,,,
08-May-22,0.609356452,0.585731025,,,,,,
09-May-22,0.593951599,0.573750549,,,,,,
10-May-22,0.594063996,0.560668474,,,,,,
11-May-22,0.602280467,0.5803183,,,,,,3.914554951
12-May-22,0.604009233,0.581292552,,,,,,
13-May-22,0.586888461,0.5582929,,,,,,
14-May-22,0.598805859,0.57472276,,,,,,
15-May-22,0.609565751,0.577078381,,,,,,
16-May-22,0.586951351,0.556445877,0.140884581,-0.02055196,0.099575294,7.994211799,,5.800142577
17-May-22,0.586951351,0.556445877,,,,,,
18-May-22,0.603347955,0.577736689,,,,,,
19-May-22,0.60697812,0.579580071,,,,,,
20-May-22,0.570538974,0.537691447,,,,,,
21-May-22,0.570538974,0.537691447,0.116554884,-0.023114785,0.085688593,7.946984537,,3.135162141
22-May-22,0.594452288,0.56287276,,,,,,
23-May-22,0.608087079,0.576704712,,,,,,
24-May-22,0.608087079,0.576704712,,,,,,
25-May-22,0.605227634,0.600187769,,,,,,
26-May-22,0.585546563,0.544952621,0.129185237,-0.018950979,0.102806076,7.944581134,,4.102148277
27-May-22,0.607948662,0.577927944,,,,,,
28-May-22,0.604257249,0.596918843,,,,,,
29-May-22,0.610370735,0.578784132,,,,,,
30-May-22,0.572559806,0.516876779,,,,,,
31-May-22,0.618223362,0.609607735,0.114388504,-0.016320538,0.09114803,7.946786318,,3.258134775
01-Jun-22,0.607493891,0.587140306,,,,,,
02-Jun-22,0.589492458,0.553360227,,,,,,
03-Jun-22,0.589492458,0.553360227,,,,,,
04-Jun-22,0.615226873,0.593263729,0.117229456,-0.014824119,0.080279365,7.903755829,,
05-Jun-22,0.584261886,0.572447246,0.096174042,-0.013929926,0.094815136,7.839946019,,
06-Jun-22,0.59038064,0.549049906,,,,,,
07-Jun-22,0.606936253,0.579054512,,,,,,
08-Jun-22,0.608379303,0.583016506,,,,,,
09-Jun-22,0.590863213,0.558436156,,,,,,
10-Jun-22,0.607888415,0.575689379,,,,,,
11-Jun-22,0.614549541,0.580473091,,,,,,
12-Jun-22,0.581950716,0.550188065,,,,,,
13-Jun-22,0.581950716,0.550188065,,,,,,
14-Jun-22,0.601585722,0.562330616,,,,,,
15-Jun-22,0.604352329,0.529892308,,,,,,
16-Jun-22,0.568926269,0.51745133,,,,,,
17-Jun-22,0.568926269,0.51745133,,,,,,
18-Jun-22,0.570598303,0.523775611,,,,,,
19-Jun-22,0.492500208,0.416781997,,,,,,
20-Jun-22,0.492500208,0.416781997,,,,,,
21-Jun-22,0.596710525,0.645383738,,,,,,
22-Jun-22,0.56551644,0.539706116,,,,,,
23-Jun-22,0.577556555,0.516812717,,,,,,
24-Jun-22,0.587672205,0.570356854,,,,,,
25-Jun-22,0.554235116,0.504003491,,,,,,
26-Jun-22,0.517915418,0.444686252,,,,,,
27-Jun-22,0.590671291,0.625670483,,,,,,
28-Jun-22,0.569718676,0.524744281,,,,,,
29-Jun-22,0.553747726,0.526485684,,,,,,
30-Jun-22,0.553747726,0.526485684,,,,,,
01-Jul-22,0.581568147,0.609009397,,,,,,
02-Jul-22,0.551925458,0.536713941,,,,,,
03-Jul-22,0.555652762,0.539511497,,,,,,
04-Jul-22,0.569551029,0.570415931,,,,,,
06-Jul-22,0.564330602,0.567506922,,,,,,
07-Jul-22,0.585070798,0.60878432,,,,,,
08-Jul-22,0.583202813,0.612192783,,,,,,
09-Jul-22,0.580735977,0.617071457,,,,,,
10-Jul-22,0.580735977,0.617071457,,,,,,
11-Jul-22,0.559169891,0.543063665,0.105035411,-0.045708208,0.093044614,7.842425089,,
12-Jul-22,0.626552013,1.049014528,0.092501347,-0.023316593,0.075465624,7.822360843,,
13-Jul-22,0.584183093,0.620112969,,,,,,
14-Jul-22,0.584183093,0.620112969,,,,,,
15-Jul-22,0.592803782,0.62235675,,,,,,
16-Jul-22,0.58087118,0.590662831,,,,,,
17-Jul-22,0.58087118,0.590662831,,,,,,
18-Jul-22,0.582637402,0.607414844,,,,,,
19-Jul-22,0.592039032,0.630034219,,,,,,
20-Jul-22,0.614402582,0.663365431,,,,,,
21-Jul-22,0.567639285,0.547867094,,,,,,
22-Jul-22,0.59291118,0.632068928,,,,,,
23-Jul-22,0.582286064,0.610110278,,,,,,
24-Jul-22,0.593695111,0.634887565,,,,,,
25-Jul-22,0.581357292,0.600164646,,,,,,
26-Jul-22,0.586484141,0.622509252,,,,,,
27-Jul-22,0.586484141,0.622509252,,,,,,
28-Jul-22,0.592621245,0.620416465,,,,,,
29-Jul-22,0.584462087,0.613495325,,,,,,
30-Jul-22,0.578487684,0.588049452,,,,,,
31-Jul-22,0.592607149,0.629325252,,,,,,
01-Aug-22,0.525271184,0.463112675,,,,,,
02-Aug-22,0.568574558,0.571879533,,,,,,
03-Aug-22,0.507595632,0.436756543,,,,,,
04-Aug-22,0.573489957,0.584207033,,,,,,
05-Aug-22,0.557820943,0.558110107,,,,,,
06-Aug-22,0.557820943,0.558110107,,,,,,
07-Aug-22,0.571548638,0.573286816,,,,,,
08-Aug-22,0.578824424,0.595244324,,,,,,
09-Aug-22,0.571952589,0.590088916,,,,,,
10-Aug-22,0.571952589,0.590088916,,,,,,
11-Aug-22,0.588596817,0.612700383,,,,,,
12-Aug-22,0.597343986,0.642521652,,,,,,
13-Aug-22,0.597343986,0.642521652,,,,,,
14-Aug-22,0.586942302,0.62909116,,,,,,
15-Aug-22,0.564280753,0.562333572,,,,,,
16-Aug-22,0.588979048,0.618431115,,,,,,
17-Aug-22,0.596236703,0.635466718,,,,,,
18-Aug-22,0.599604949,0.642135717,,,,,,
19-Aug-22,0.579480025,0.612581041,,,,,,
20-Aug-22,0.59686727,0.634197257,,,,,,
21-Aug-22,0.605207034,0.659499983,,,,,,
22-Aug-22,0.574974377,0.594354794,,,,,,
23-Aug-22,0.574974377,0.594354794,,,,,,
24-Aug-22,0.600438268,0.645704546,,,,,,
25-Aug-22,0.579718659,0.615477974,,,,,,
26-Aug-22,0.56473212,0.558706416,,,,,,
27-Aug-22,0.535569145,0.493409395,,,,,,
28-Aug-22,0.537824567,0.490493045,,,,,,
29-Aug-22,0.567178768,0.561852916,,,,,,
30-Aug-22,0.587942885,0.627844921,,,,,,
31-Aug-22,0.5702213,0.570560529,,,,,,
01-Sep-22,0.587711665,0.619819481,,,,,,
02-Sep-22,0.587711665,0.619819481,,,,,,
03-Sep-22,0.582290492,0.603819973,,,,,,
04-Sep-22,0.482325665,0.380358296,,,,,,
05-Sep-22,0.545363797,0.504511693,,,,,,
06-Sep-22,0.545363797,0.504511693,,,,,,
07-Sep-22,0.548536162,0.529829996,,,,,,
08-Sep-22,0.496758305,0.409859571,,,,,,
09-Sep-22,0.496758305,0.409859571,,,,,,
10-Sep-22,0.545670234,0.482209641,,,,,,
11-Sep-22,0.483304095,0.40960645,,,,,,
12-Sep-22,0.57366255,0.582270886,,,,,,
13-Sep-22,0.561386264,0.521436067,,,,,,
14-Sep-22,0.56881888,0.574938646,,,,,,
15-Sep-22,0.569711781,0.583351413,,,,,,
16-Sep-22,0.58405434,0.61348495,,,,,,
17-Sep-22,0.58190646,0.607927386,,,,,,
18-Sep-22,0.593286112,0.632431622,,,,,,
19-Sep-22,0.593286112,0.632431622,,,,,,
20-Sep-22,0.544323671,0.475704789,,,,,,
21-Sep-22,0.541899453,0.492500499,,,,,,
22-Sep-22,0.580921422,0.59572228,,,,,,
23-Sep-22,0.566007564,0.576917172,,,,,,
24-Sep-22,0.587979564,0.630547573,,,,,,
25-Sep-22,0.583122556,0.617912056,,,,,,
26-Sep-22,0.518479907,0.45886765,,,,,,
27-Sep-22,0.509420412,0.440615316,,,,,,
28-Sep-22,0.537129678,0.502842974,,,,,,
29-Sep-22,0.537129678,0.502842974,,,,,,
30-Sep-22,0.507076449,0.427885165,,,,,,
01-Oct-22,0.525402191,0.440166341,,,,,,
02-Oct-22,0.533943135,0.469031366,0.102300195,-0.023974878,0.050868577,7.841157505,,
03-Oct-22,0.533943135,0.469031366,,,,,,6.68251201
04-Oct-22,0.516432307,0.431569423,,,,,,
05-Oct-22,0.545243553,0.519613411,,,,,,
06-Oct-22,0.545243553,0.519613411,,,,,,
07-Oct-22,0.542237865,0.489744608,,,,,,
08-Oct-22,0.577206804,0.602832741,,,,,,
09-Oct-22,0.549677546,0.517811714,,,,,,
10-Oct-22,0.593958735,0.635327558,,,,,,
11-Oct-22,0.601276661,0.649029606,,,,,,
12-Oct-22,0.575246665,0.594697598,,,,,,
13-Oct-22,0.540413526,0.476236032,0.10721355,-0.054081221,0.095288441,7.854174271,,2.927864926
14-Oct-22,0.505593511,0.425527224,,,,,,
15-Oct-22,0.493550599,0.402154025,,,,,,
16-Oct-22,0.493550599,0.402154025,,,,,,
17-Oct-22,0.512421676,0.429287463,,,,,,
18-Oct-22,0.543046977,0.483182826,0.141145817,-0.083642468,0.101289418,7.916014227,,1.678641104
19-Oct-22,0.48125652,0.394204651,,,,,,
20-Oct-22,0.523374613,0.445938887,,,,,,
21-Oct-22,0.503112276,0.42190826,,,,,,
22-Oct-22,0.539722056,0.48074713,,,,,,
23-Oct-22,0.51382819,0.432782063,0.145600454,-0.077339732,0.112790624,7.891357485,,1.60303362
24-Oct-22,0.524868497,0.451339051,,,,,,
25-Oct-22,0.524122555,0.454099783,,,,,,
26-Oct-22,0.524122555,0.454099783,,,,,,
27-Oct-22,0.505981322,0.423791285,,,,,,
28-Oct-22,0.528522087,0.441383969,0.121066885,-0.063132129,0.098337176,7.884855371,,0.847967871
29-Oct-22,0.525272107,0.455555379,,,,,,
30-Oct-22,0.525272107,0.455555379,,,,,,
31-Oct-22,0.497143757,0.410937185,,,,,,
01-Nov-22,0.501382555,0.421607396,,,,,,
02-Nov-22,0.501382555,0.421607396,,,,,,1.881542538
03-Nov-22,0.540129624,0.487116755,,,,,,
04-Nov-22,0.483196498,0.394356281,,,,,,
05-Nov-22,0.529180263,0.454795066,0.11809592,-0.019733237,0.087413547,7.957982691,,
06-Nov-22,0.550847067,0.48821392,,,,,,
07-Nov-22,0.509572657,0.434350559,,,,,,2.088929852
08-Nov-22,0.485876336,0.400499268,,,,,,
09-Nov-22,0.541750962,0.487429443,,,,,,
10-Nov-22,0.518981688,0.444531923,,,,,,
11-Nov-22,0.492143306,0.419064565,,,,,,
12-Nov-22,0.492143306,0.419064565,,,,,,2.498544753
13-Nov-22,0.503778125,0.437189556,,,,,,
14-Nov-22,0.510925433,0.441327488,,,,,,
15-Nov-22,0.486817438,0.406824284,,,,,,
16-Nov-22,0.521296625,0.459241468,,,,,,
17-Nov-22,0.485294733,0.404972535,0.074696638,-0.053231127,0.09640407,7.707323269,,0.56843026
18-Nov-22,0.517277314,0.446670382,,,,,,
19-Nov-22,0.511144275,0.428922342,,,,,,
20-Nov-22,0.551072919,0.482648225,,,,,,
21-Nov-22,0.518545015,0.449085436,,,,,,
22-Nov-22,0.518545015,0.449085436,0.109467801,-0.036494919,0.087452167,7.832469164,,3.210693535
23-Nov-22,0.504523853,0.421937749,,,,,,
24-Nov-22,0.519911426,0.440362663,,,,,,
25-Nov-22,0.51822374,0.440913809,,,,,,
26-Nov-22,0.51822374,0.440913809,,,,,,
27-Nov-22,0.512167862,0.421120198,0.084518406,-0.037225696,0.080303089,7.7820769,,2.158885906
28-Nov-22,0.51418617,0.432148212,,,,,,
29-Nov-22,0.51418617,0.432148212,,,,,,
30-Nov-22,0.546999356,0.486648927,,,,,,
